{
"meta":{"test_sets":[],"test_metrics":[],"learn_metrics":[{"best_value":"Min","name":"Logloss"}],"launch_mode":"Train","parameters":"","iteration_count":1000,"learn_sets":["learn"],"name":"experiment"},
"iterations":[
{"learn":[0.6199035034],"iteration":0,"passed_time":0.1864179751,"remaining_time":186.2315571},
{"learn":[0.560855896],"iteration":1,"passed_time":0.2057487575,"remaining_time":102.66863},
{"learn":[0.5069216309],"iteration":2,"passed_time":0.2154781664,"remaining_time":71.61057731},
{"learn":[0.4660866089],"iteration":3,"passed_time":0.222345463,"remaining_time":55.36402029},
{"learn":[0.4189521484],"iteration":4,"passed_time":0.232717813,"remaining_time":46.31084479},
{"learn":[0.3779196777],"iteration":5,"passed_time":0.2408689698,"remaining_time":39.90395933},
{"learn":[0.3455174255],"iteration":6,"passed_time":0.2479720895,"remaining_time":35.17661213},
{"learn":[0.3126895142],"iteration":7,"passed_time":0.2557008714,"remaining_time":31.70690805},
{"learn":[0.2846582642],"iteration":8,"passed_time":0.2630225462,"remaining_time":28.96170481},
{"learn":[0.2588407898],"iteration":9,"passed_time":0.2723023119,"remaining_time":26.95792888},
{"learn":[0.2333788757],"iteration":10,"passed_time":0.279122679,"remaining_time":25.09566633},
{"learn":[0.2114401703],"iteration":11,"passed_time":0.2880664698,"remaining_time":23.71747268},
{"learn":[0.1928283081],"iteration":12,"passed_time":0.2948970893,"remaining_time":22.38949439},
{"learn":[0.1760225983],"iteration":13,"passed_time":0.3036905933,"remaining_time":21.38849464},
{"learn":[0.1595956879],"iteration":14,"passed_time":0.3103718306,"remaining_time":20.38108355},
{"learn":[0.1462641449],"iteration":15,"passed_time":0.3199247894,"remaining_time":19.67537455},
{"learn":[0.1343869476],"iteration":16,"passed_time":0.3266433772,"remaining_time":18.88767293},
{"learn":[0.1240439072],"iteration":17,"passed_time":0.3355071799,"remaining_time":18.30378059},
{"learn":[0.1134447784],"iteration":18,"passed_time":0.3430928918,"remaining_time":17.71442773},
{"learn":[0.105971077],"iteration":19,"passed_time":0.3547865925,"remaining_time":17.38454303},
{"learn":[0.09739707947],"iteration":20,"passed_time":0.3650680379,"remaining_time":17.01912424},
{"learn":[0.08971981812],"iteration":21,"passed_time":0.3728406635,"remaining_time":16.57446222},
{"learn":[0.08208119202],"iteration":22,"passed_time":0.3828641629,"remaining_time":16.26340379},
{"learn":[0.07650845337],"iteration":23,"passed_time":0.3974731278,"remaining_time":16.1639072},
{"learn":[0.07074597168],"iteration":24,"passed_time":0.4071849068,"remaining_time":15.88021137},
{"learn":[0.06666183472],"iteration":25,"passed_time":0.4153289373,"remaining_time":15.55886096},
{"learn":[0.06099983978],"iteration":26,"passed_time":0.4270271811,"remaining_time":15.38879434},
{"learn":[0.05623654556],"iteration":27,"passed_time":0.4347318909,"remaining_time":15.09140707},
{"learn":[0.05307728958],"iteration":28,"passed_time":0.4470194839,"remaining_time":14.96744548},
{"learn":[0.04906510925],"iteration":29,"passed_time":0.4611072892,"remaining_time":14.90913568},
{"learn":[0.0452797966],"iteration":30,"passed_time":0.4769408613,"remaining_time":14.90824821},
{"learn":[0.04235764694],"iteration":31,"passed_time":0.4837798442,"remaining_time":14.63434029},
{"learn":[0.04017186737],"iteration":32,"passed_time":0.4943360104,"remaining_time":14.48554309},
{"learn":[0.03739002991],"iteration":33,"passed_time":0.5065062045,"remaining_time":14.3907351},
{"learn":[0.03521881104],"iteration":34,"passed_time":0.521727069,"remaining_time":14.38476062},
{"learn":[0.03352410889],"iteration":35,"passed_time":0.5293666256,"remaining_time":14.17526186},
{"learn":[0.03156446838],"iteration":36,"passed_time":0.5406182911,"remaining_time":14.07068687},
{"learn":[0.02985791779],"iteration":37,"passed_time":0.5508172858,"remaining_time":13.94437445},
{"learn":[0.02810127068],"iteration":38,"passed_time":0.5585999905,"remaining_time":13.76447669},
{"learn":[0.02632944107],"iteration":39,"passed_time":0.5713168103,"remaining_time":13.71160345},
{"learn":[0.02524213219],"iteration":40,"passed_time":0.5871519906,"remaining_time":13.73362827},
{"learn":[0.02355200005],"iteration":41,"passed_time":0.5982253154,"remaining_time":13.64523457},
{"learn":[0.02239173889],"iteration":42,"passed_time":0.612849317,"remaining_time":13.63946038},
{"learn":[0.02086805725],"iteration":43,"passed_time":0.6243607269,"remaining_time":13.56565579},
{"learn":[0.01968871117],"iteration":44,"passed_time":0.6391158066,"remaining_time":13.56345767},
{"learn":[0.01847092056],"iteration":45,"passed_time":0.6486505949,"remaining_time":13.45244929},
{"learn":[0.01736376381],"iteration":46,"passed_time":0.6571852003,"remaining_time":13.32547864},
{"learn":[0.01657798958],"iteration":47,"passed_time":0.6684211633,"remaining_time":13.25701974},
{"learn":[0.01570986557],"iteration":48,"passed_time":0.6757664509,"remaining_time":13.11538561},
{"learn":[0.0149616909],"iteration":49,"passed_time":0.6863943532,"remaining_time":13.04149271},
{"learn":[0.0141014595],"iteration":50,"passed_time":0.6952194484,"remaining_time":12.93653444},
{"learn":[0.01327845955],"iteration":51,"passed_time":0.7020710549,"remaining_time":12.79929539},
{"learn":[0.01282818031],"iteration":52,"passed_time":0.7094118674,"remaining_time":12.67571771},
{"learn":[0.01212729836],"iteration":53,"passed_time":0.7167324265,"remaining_time":12.55609029},
{"learn":[0.01142507553],"iteration":54,"passed_time":0.7258270267,"remaining_time":12.471028},
{"learn":[0.0108305397],"iteration":55,"passed_time":0.7325134706,"remaining_time":12.34808422},
{"learn":[0.01041692162],"iteration":56,"passed_time":0.7400328239,"remaining_time":12.24299918},
{"learn":[0.009943597794],"iteration":57,"passed_time":0.7476240664,"remaining_time":12.14244604},
{"learn":[0.009432150841],"iteration":58,"passed_time":0.7552274786,"remaining_time":12.04523826},
{"learn":[0.00908916378],"iteration":59,"passed_time":0.7623182446,"remaining_time":11.94298583},
{"learn":[0.00864646244],"iteration":60,"passed_time":0.7745864772,"remaining_time":11.92355249},
{"learn":[0.008203266144],"iteration":61,"passed_time":0.7837547433,"remaining_time":11.85745079},
{"learn":[0.00785566473],"iteration":62,"passed_time":0.7959719038,"remaining_time":11.83850276},
{"learn":[0.007479475975],"iteration":63,"passed_time":0.8064941679,"remaining_time":11.79497721},
{"learn":[0.007139805794],"iteration":64,"passed_time":0.8242986052,"remaining_time":11.8572184},
{"learn":[0.006889359951],"iteration":65,"passed_time":0.8366400731,"remaining_time":11.83972467},
{"learn":[0.006643455505],"iteration":66,"passed_time":0.8451915121,"remaining_time":11.76960718},
{"learn":[0.006377413273],"iteration":67,"passed_time":0.8566664845,"remaining_time":11.74137005},
{"learn":[0.006129518509],"iteration":68,"passed_time":0.8657335566,"remaining_time":11.68112958},
{"learn":[0.005853228569],"iteration":69,"passed_time":0.8804925477,"remaining_time":11.69797242},
{"learn":[0.005596957684],"iteration":70,"passed_time":0.8887372317,"remaining_time":11.62868857},
{"learn":[0.005386636734],"iteration":71,"passed_time":0.9004568253,"remaining_time":11.60588797},
{"learn":[0.005166114807],"iteration":72,"passed_time":0.907505406,"remaining_time":11.5240755},
{"learn":[0.004997702599],"iteration":73,"passed_time":0.9184144031,"remaining_time":11.49259104},
{"learn":[0.004821520805],"iteration":74,"passed_time":0.9335296225,"remaining_time":11.51353201},
{"learn":[0.004683278084],"iteration":75,"passed_time":0.9453224992,"remaining_time":11.49313144},
{"learn":[0.004497977734],"iteration":76,"passed_time":0.9543070479,"remaining_time":11.43929098},
{"learn":[0.004357052326],"iteration":77,"passed_time":0.9655962046,"remaining_time":11.41384232},
{"learn":[0.004240626812],"iteration":78,"passed_time":0.9796133795,"remaining_time":11.42055598},
{"learn":[0.0040800457],"iteration":79,"passed_time":0.9946509481,"remaining_time":11.4384859},
{"learn":[0.003933533907],"iteration":80,"passed_time":1.008849358,"remaining_time":11.44608098},
{"learn":[0.003789325237],"iteration":81,"passed_time":1.01789322,"remaining_time":11.39543873},
{"learn":[0.003670742989],"iteration":82,"passed_time":1.031344822,"remaining_time":11.3944964},
{"learn":[0.003559072971],"iteration":83,"passed_time":1.041561466,"remaining_time":11.3579798},
{"learn":[0.00347539711],"iteration":84,"passed_time":1.048725306,"remaining_time":11.28921947},
{"learn":[0.003374809742],"iteration":85,"passed_time":1.058950624,"remaining_time":11.25442873},
{"learn":[0.003293864727],"iteration":86,"passed_time":1.066302262,"remaining_time":11.19004558},
{"learn":[0.003210763931],"iteration":87,"passed_time":1.07632164,"remaining_time":11.15460609},
{"learn":[0.003130869389],"iteration":88,"passed_time":1.084503414,"remaining_time":11.1009282},
{"learn":[0.003026259661],"iteration":89,"passed_time":1.092393157,"remaining_time":11.04530859},
{"learn":[0.002956572533],"iteration":90,"passed_time":1.101463544,"remaining_time":11.00253144},
{"learn":[0.002862086773],"iteration":91,"passed_time":1.109270303,"remaining_time":10.9480156},
{"learn":[0.002771877766],"iteration":92,"passed_time":1.12407524,"remaining_time":10.96275529},
{"learn":[0.00271224761],"iteration":93,"passed_time":1.134738885,"remaining_time":10.93695138},
{"learn":[0.0026279037],"iteration":94,"passed_time":1.141804323,"remaining_time":10.87718855},
{"learn":[0.002558717251],"iteration":95,"passed_time":1.150368587,"remaining_time":10.83263753},
{"learn":[0.002508845806],"iteration":96,"passed_time":1.157512093,"remaining_time":10.77560227},
{"learn":[0.002446391106],"iteration":97,"passed_time":1.17100624,"remaining_time":10.77803703},
{"learn":[0.002383571625],"iteration":98,"passed_time":1.183991279,"remaining_time":10.77551659},
{"learn":[0.002334641695],"iteration":99,"passed_time":1.198525613,"remaining_time":10.78673052},
{"learn":[0.00229084897],"iteration":100,"passed_time":1.205744835,"remaining_time":10.73232284},
{"learn":[0.002225613356],"iteration":101,"passed_time":1.217403226,"remaining_time":10.71792252},
{"learn":[0.002174261808],"iteration":102,"passed_time":1.228811781,"remaining_time":10.70139969},
{"learn":[0.002114038467],"iteration":103,"passed_time":1.235858956,"remaining_time":10.64740024},
{"learn":[0.002056542873],"iteration":104,"passed_time":1.244277045,"remaining_time":10.60598052},
{"learn":[0.002015983582],"iteration":105,"passed_time":1.25099276,"remaining_time":10.55082573},
{"learn":[0.001983451605],"iteration":106,"passed_time":1.260351194,"remaining_time":10.51863193},
{"learn":[0.001940575719],"iteration":107,"passed_time":1.267560466,"remaining_time":10.46911051},
{"learn":[0.001899279356],"iteration":108,"passed_time":1.277415837,"remaining_time":10.44199551},
{"learn":[0.001850068808],"iteration":109,"passed_time":1.285152077,"remaining_time":10.39804862},
{"learn":[0.001811991453],"iteration":110,"passed_time":1.295387397,"remaining_time":10.37476933},
{"learn":[0.001766384363],"iteration":111,"passed_time":1.303562428,"remaining_time":10.33538782},
{"learn":[0.001733128548],"iteration":112,"passed_time":1.311934753,"remaining_time":10.29810731},
{"learn":[0.001690771699],"iteration":113,"passed_time":1.322736091,"remaining_time":10.28021208},
{"learn":[0.001655148745],"iteration":114,"passed_time":1.330090995,"remaining_time":10.23591766},
{"learn":[0.001616210222],"iteration":115,"passed_time":1.339916605,"remaining_time":10.21108861},
{"learn":[0.001586836696],"iteration":116,"passed_time":1.347180123,"remaining_time":10.1671799},
{"learn":[0.00156148982],"iteration":117,"passed_time":1.356441697,"remaining_time":10.13882692},
{"learn":[0.001527796984],"iteration":118,"passed_time":1.386942903,"remaining_time":10.26803947},
{"learn":[0.001502241611],"iteration":119,"passed_time":1.400263552,"remaining_time":10.26859938},
{"learn":[0.001480928302],"iteration":120,"passed_time":1.418311956,"remaining_time":10.30327446},
{"learn":[0.001454067945],"iteration":121,"passed_time":1.429557508,"remaining_time":10.28812698},
{"learn":[0.001424607873],"iteration":122,"passed_time":1.438203127,"remaining_time":10.25450522},
{"learn":[0.001393647671],"iteration":123,"passed_time":1.45274705,"remaining_time":10.26295496},
{"learn":[0.001369097471],"iteration":124,"passed_time":1.465295792,"remaining_time":10.25707054},
{"learn":[0.001345328808],"iteration":125,"passed_time":1.472523588,"remaining_time":10.21417155},
{"learn":[0.001317942977],"iteration":126,"passed_time":1.485852029,"remaining_time":10.21377025},
{"learn":[0.001290758133],"iteration":127,"passed_time":1.49670084,"remaining_time":10.19627447},
{"learn":[0.001268933892],"iteration":128,"passed_time":1.504485637,"remaining_time":10.15819372},
{"learn":[0.001248423576],"iteration":129,"passed_time":1.515947746,"remaining_time":10.14518876},
{"learn":[0.001222666502],"iteration":130,"passed_time":1.527323787,"remaining_time":10.13163642},
{"learn":[0.001202970743],"iteration":131,"passed_time":1.535586383,"remaining_time":10.09764379},
{"learn":[0.00118321228],"iteration":132,"passed_time":1.546824126,"remaining_time":10.08343246},
{"learn":[0.001167128563],"iteration":133,"passed_time":1.554063149,"remaining_time":10.04342304},
{"learn":[0.001149067402],"iteration":134,"passed_time":1.563997785,"remaining_time":10.02117099},
{"learn":[0.001132055998],"iteration":135,"passed_time":1.572087287,"remaining_time":9.987378058},
{"learn":[0.001115247488],"iteration":136,"passed_time":1.580519406,"remaining_time":9.956118591},
{"learn":[0.00110005188],"iteration":137,"passed_time":1.589713079,"remaining_time":9.929946913},
{"learn":[0.001082023144],"iteration":138,"passed_time":1.599928346,"remaining_time":9.910347524},
{"learn":[0.001062160373],"iteration":139,"passed_time":1.610693389,"remaining_time":9.894259387},
{"learn":[0.001041927934],"iteration":140,"passed_time":1.622651787,"remaining_time":9.885516918},
{"learn":[0.00102700901],"iteration":141,"passed_time":1.629610632,"remaining_time":9.846520579},
{"learn":[0.001012040138],"iteration":142,"passed_time":1.639368345,"remaining_time":9.824745953},
{"learn":[0.0009963926077],"iteration":143,"passed_time":1.645941319,"remaining_time":9.784206733},
{"learn":[0.0009822954535],"iteration":144,"passed_time":1.655533227,"remaining_time":9.761937304},
{"learn":[0.0009650440812],"iteration":145,"passed_time":1.662220917,"remaining_time":9.722853858},
{"learn":[0.0009526869059],"iteration":146,"passed_time":1.670601062,"remaining_time":9.694032014},
{"learn":[0.0009432000518],"iteration":147,"passed_time":1.67814668,"remaining_time":9.660682237},
{"learn":[0.0009263304472],"iteration":148,"passed_time":1.686371614,"remaining_time":9.631558679},
{"learn":[0.0009163926244],"iteration":149,"passed_time":1.694284253,"remaining_time":9.600944099},
{"learn":[0.000906298399],"iteration":150,"passed_time":1.701580086,"remaining_time":9.567162204},
{"learn":[0.0008912906647],"iteration":151,"passed_time":1.713822787,"remaining_time":9.561327129},
{"learn":[0.0008760335445],"iteration":152,"passed_time":1.722854115,"remaining_time":9.537630299},
{"learn":[0.0008678710461],"iteration":153,"passed_time":1.733919821,"remaining_time":9.525299798},
{"learn":[0.0008553051353],"iteration":154,"passed_time":1.744637754,"remaining_time":9.51108969},
{"learn":[0.0008445413113],"iteration":155,"passed_time":1.752433497,"remaining_time":9.481114562},
{"learn":[0.0008312230706],"iteration":156,"passed_time":1.769550216,"remaining_time":9.501470267},
{"learn":[0.0008240646124],"iteration":157,"passed_time":1.785300674,"remaining_time":9.51407068},
{"learn":[0.0008114764094],"iteration":158,"passed_time":1.799603727,"remaining_time":9.518658709},
{"learn":[0.000798470974],"iteration":159,"passed_time":1.824772135,"remaining_time":9.58005371},
{"learn":[0.0007858270407],"iteration":160,"passed_time":1.851253017,"remaining_time":9.647212928},
{"learn":[0.0007773444057],"iteration":161,"passed_time":1.877908572,"remaining_time":9.714119652},
{"learn":[0.0007683444619],"iteration":162,"passed_time":1.900756753,"remaining_time":9.76032762},
{"learn":[0.0007567569017],"iteration":163,"passed_time":1.91169905,"remaining_time":9.745002473},
{"learn":[0.0007478821278],"iteration":164,"passed_time":1.924215186,"remaining_time":9.737695034},
{"learn":[0.0007405893803],"iteration":165,"passed_time":1.937752433,"remaining_time":9.735454993},
{"learn":[0.0007319784164],"iteration":166,"passed_time":1.946099109,"remaining_time":9.707188971},
{"learn":[0.0007211338282],"iteration":167,"passed_time":1.953395666,"remaining_time":9.673959489},
{"learn":[0.0007192249298],"iteration":168,"passed_time":1.963078658,"remaining_time":9.65277139},
{"learn":[0.000719227016],"iteration":169,"passed_time":1.970748188,"remaining_time":9.621888211},
{"learn":[0.0007122561932],"iteration":170,"passed_time":1.982350444,"remaining_time":9.610342212},
{"learn":[0.000703517437],"iteration":171,"passed_time":1.989993818,"remaining_time":9.579737682},
{"learn":[0.0006954624653],"iteration":172,"passed_time":1.998832712,"remaining_time":9.5551136},
{"learn":[0.0006954247952],"iteration":173,"passed_time":2.004544241,"remaining_time":9.515824961},
{"learn":[0.000685998261],"iteration":174,"passed_time":2.01320548,"remaining_time":9.490825833},
{"learn":[0.0006859233379],"iteration":175,"passed_time":2.021826685,"remaining_time":9.465824936},
{"learn":[0.0006859233379],"iteration":176,"passed_time":2.027440677,"remaining_time":9.427026424},
{"learn":[0.0006778115034],"iteration":177,"passed_time":2.038082703,"remaining_time":9.411820122},
{"learn":[0.0006778176427],"iteration":178,"passed_time":2.044507563,"remaining_time":9.377322397},
{"learn":[0.0006694702506],"iteration":179,"passed_time":2.062013457,"remaining_time":9.39361686},
{"learn":[0.0006695085764],"iteration":180,"passed_time":2.078272359,"remaining_time":9.403895371},
{"learn":[0.0006695085764],"iteration":181,"passed_time":2.089971949,"remaining_time":9.393390408},
{"learn":[0.0006693994403],"iteration":182,"passed_time":2.106058753,"remaining_time":9.402459023},
{"learn":[0.0006694975495],"iteration":183,"passed_time":2.125890866,"remaining_time":9.427863838},
{"learn":[0.0006694115996],"iteration":184,"passed_time":2.138235275,"remaining_time":9.41979324},
{"learn":[0.0006616855264],"iteration":185,"passed_time":2.152692686,"remaining_time":9.420923907},
{"learn":[0.0006616638899],"iteration":186,"passed_time":2.16177605,"remaining_time":9.398523682},
{"learn":[0.0006616638899],"iteration":187,"passed_time":2.173012327,"remaining_time":9.38556388},
{"learn":[0.0006616638899],"iteration":188,"passed_time":2.185999215,"remaining_time":9.380134196},
{"learn":[0.0006616638899],"iteration":189,"passed_time":2.203494565,"remaining_time":9.39384525},
{"learn":[0.0006539148092],"iteration":190,"passed_time":2.216104451,"remaining_time":9.386536652},
{"learn":[0.0006539148092],"iteration":191,"passed_time":2.225681753,"remaining_time":9.36641071},
{"learn":[0.0006539148092],"iteration":192,"passed_time":2.242445443,"remaining_time":9.376442861},
{"learn":[0.0006539148092],"iteration":193,"passed_time":2.256597645,"remaining_time":9.375348978},
{"learn":[0.0006540023088],"iteration":194,"passed_time":2.266677875,"remaining_time":9.357311229},
{"learn":[0.0006451776028],"iteration":195,"passed_time":2.27799759,"remaining_time":9.344439095},
{"learn":[0.0006452261209],"iteration":196,"passed_time":2.300225527,"remaining_time":9.376046183},
{"learn":[0.0006451505423],"iteration":197,"passed_time":2.31832911,"remaining_time":9.390403767},
{"learn":[0.0006370857954],"iteration":198,"passed_time":2.335106577,"remaining_time":9.399097329},
{"learn":[0.0006292500496],"iteration":199,"passed_time":2.35371174,"remaining_time":9.41484696},
{"learn":[0.0006292692423],"iteration":200,"passed_time":2.365938864,"remaining_time":9.404901257},
{"learn":[0.0006292692423],"iteration":201,"passed_time":2.378367194,"remaining_time":9.395727826},
{"learn":[0.0006213643551],"iteration":202,"passed_time":2.391786126,"remaining_time":9.390411539},
{"learn":[0.00062135607],"iteration":203,"passed_time":2.406701996,"remaining_time":9.390856808},
{"learn":[0.0006213222742],"iteration":204,"passed_time":2.415305511,"remaining_time":9.36667259},
{"learn":[0.0006214038134],"iteration":205,"passed_time":2.425333443,"remaining_time":9.348129871},
{"learn":[0.0006213878393],"iteration":206,"passed_time":2.435322215,"remaining_time":9.329519403},
{"learn":[0.0006213488579],"iteration":207,"passed_time":2.44402784,"remaining_time":9.306106008},
{"learn":[0.0006213328242],"iteration":208,"passed_time":2.458156394,"remaining_time":9.303357452},
{"learn":[0.0006213434935],"iteration":209,"passed_time":2.470787868,"remaining_time":9.294868646},
{"learn":[0.0006213431358],"iteration":210,"passed_time":2.477448319,"remaining_time":9.26401291},
{"learn":[0.000621327579],"iteration":211,"passed_time":2.49074328,"remaining_time":9.258045778},
{"learn":[0.0006213459969],"iteration":212,"passed_time":2.507922959,"remaining_time":9.266363235},
{"learn":[0.000621358037],"iteration":213,"passed_time":2.526537691,"remaining_time":9.279713201},
{"learn":[0.0006213185787],"iteration":214,"passed_time":2.536634997,"remaining_time":9.261667314},
{"learn":[0.000621303916],"iteration":215,"passed_time":2.54749276,"remaining_time":9.246455204},
{"learn":[0.0006213085055],"iteration":216,"passed_time":2.559905349,"remaining_time":9.236893493},
{"learn":[0.0006212936044],"iteration":217,"passed_time":2.568342254,"remaining_time":9.213044232},
{"learn":[0.0006212960482],"iteration":218,"passed_time":2.576404779,"remaining_time":9.188000603},
{"learn":[0.0006212822795],"iteration":219,"passed_time":2.58707944,"remaining_time":9.172372561},
{"learn":[0.0006212478876],"iteration":220,"passed_time":2.595916195,"remaining_time":9.150310931},
{"learn":[0.0006212478876],"iteration":221,"passed_time":2.608108782,"remaining_time":9.140128973},
{"learn":[0.0006212478876],"iteration":222,"passed_time":2.616927285,"remaining_time":9.118172647},
{"learn":[0.0006212478876],"iteration":223,"passed_time":2.623223116,"remaining_time":9.087594365},
{"learn":[0.0006212478876],"iteration":224,"passed_time":2.630272863,"remaining_time":9.059828751},
{"learn":[0.0006212478876],"iteration":225,"passed_time":2.636305772,"remaining_time":9.028764016},
{"learn":[0.0006135469079],"iteration":226,"passed_time":2.643349549,"remaining_time":9.001362121},
{"learn":[0.000613543272],"iteration":227,"passed_time":2.649864609,"remaining_time":8.972348589},
{"learn":[0.0006135200262],"iteration":228,"passed_time":2.65956684,"remaining_time":8.954262154},
{"learn":[0.0006134741902],"iteration":229,"passed_time":2.665475968,"remaining_time":8.923549979},
{"learn":[0.0006135643721],"iteration":230,"passed_time":2.68087017,"remaining_time":8.924628403},
{"learn":[0.0006135766506],"iteration":231,"passed_time":2.694860699,"remaining_time":8.920918177},
{"learn":[0.0006135331392],"iteration":232,"passed_time":2.747774222,"remaining_time":9.045248191},
{"learn":[0.000613586247],"iteration":233,"passed_time":2.757576895,"remaining_time":9.02693975},
{"learn":[0.000613586247],"iteration":234,"passed_time":2.799918047,"remaining_time":9.114626835},
{"learn":[0.0006135912538],"iteration":235,"passed_time":2.807500694,"remaining_time":9.088688689},
{"learn":[0.0006135360599],"iteration":236,"passed_time":2.819769619,"remaining_time":9.077992487},
{"learn":[0.0006135360599],"iteration":237,"passed_time":2.834507772,"remaining_time":9.07518875},
{"learn":[0.00061349231],"iteration":238,"passed_time":2.845197491,"remaining_time":9.059394521},
{"learn":[0.0006135393977],"iteration":239,"passed_time":2.855465991,"remaining_time":9.042308971},
{"learn":[0.000613494873],"iteration":240,"passed_time":2.86156367,"remaining_time":9.012144505},
{"learn":[0.0006135508418],"iteration":241,"passed_time":2.867775563,"remaining_time":8.982536681},
{"learn":[0.0006135519743],"iteration":242,"passed_time":2.874496432,"remaining_time":8.954706991},
{"learn":[0.0006135261059],"iteration":243,"passed_time":2.883353761,"remaining_time":8.933669851},
{"learn":[0.0006057921648],"iteration":244,"passed_time":2.890039773,"remaining_time":8.906040934},
{"learn":[0.0006057617664],"iteration":245,"passed_time":2.896668835,"remaining_time":8.87840773},
{"learn":[0.0006057617664],"iteration":246,"passed_time":2.903325366,"remaining_time":8.851028344},
{"learn":[0.0006057599187],"iteration":247,"passed_time":2.909454316,"remaining_time":8.822216313},
{"learn":[0.0006057599187],"iteration":248,"passed_time":2.917834873,"remaining_time":8.800377469},
{"learn":[0.0006057492495],"iteration":249,"passed_time":2.925547824,"remaining_time":8.776643473},
{"learn":[0.0006057589054],"iteration":250,"passed_time":2.936062731,"remaining_time":8.76139835},
{"learn":[0.0006057062149],"iteration":251,"passed_time":2.944952447,"remaining_time":8.741366788},
{"learn":[0.0006057503819],"iteration":252,"passed_time":2.953397452,"remaining_time":8.720110264},
{"learn":[0.0006057588458],"iteration":253,"passed_time":2.9645299,"remaining_time":8.706847658},
{"learn":[0.0006057186127],"iteration":254,"passed_time":2.971509087,"remaining_time":8.681467725},
{"learn":[0.0006057186127],"iteration":255,"passed_time":2.981071011,"remaining_time":8.663737627},
{"learn":[0.000605730772],"iteration":256,"passed_time":2.987046036,"remaining_time":8.635701185},
{"learn":[0.0006056913137],"iteration":257,"passed_time":2.997244279,"remaining_time":8.619981608},
{"learn":[0.0006057648063],"iteration":258,"passed_time":3.008425171,"remaining_time":8.60711603},
{"learn":[0.0006056903601],"iteration":259,"passed_time":3.016148706,"remaining_time":8.58442324},
{"learn":[0.0005981949568],"iteration":260,"passed_time":3.02712947,"remaining_time":8.571067734},
{"learn":[0.000598169148],"iteration":261,"passed_time":3.033767597,"remaining_time":8.54549804},
{"learn":[0.0005982199907],"iteration":262,"passed_time":3.046164063,"remaining_time":8.5362088},
{"learn":[0.0005982089639],"iteration":263,"passed_time":3.062842426,"remaining_time":8.53883343},
{"learn":[0.0005982081294],"iteration":264,"passed_time":3.08052091,"remaining_time":8.544086297},
{"learn":[0.0005982055664],"iteration":265,"passed_time":3.091226389,"remaining_time":8.529925448},
{"learn":[0.000598169446],"iteration":266,"passed_time":3.103818372,"remaining_time":8.520969539},
{"learn":[0.0005981464386],"iteration":267,"passed_time":3.128914532,"remaining_time":8.546139691},
{"learn":[0.0005981880426],"iteration":268,"passed_time":3.137693461,"remaining_time":8.526594499},
{"learn":[0.0005981600881],"iteration":269,"passed_time":3.171881829,"remaining_time":8.575828648},
{"learn":[0.0005981306434],"iteration":270,"passed_time":3.195340441,"remaining_time":8.595583695},
{"learn":[0.0005981577635],"iteration":271,"passed_time":3.203984392,"remaining_time":8.57536999},
{"learn":[0.0005981737375],"iteration":272,"passed_time":3.215627444,"remaining_time":8.563227663},
{"learn":[0.0005980929136],"iteration":273,"passed_time":3.230732459,"remaining_time":8.560261918},
{"learn":[0.0005981083512],"iteration":274,"passed_time":3.24471362,"remaining_time":8.554244999},
{"learn":[0.0005980998874],"iteration":275,"passed_time":3.252144805,"remaining_time":8.530988546},
{"learn":[0.0005980966091],"iteration":276,"passed_time":3.267497987,"remaining_time":8.528523628},
{"learn":[0.0005981301665],"iteration":277,"passed_time":3.281508697,"remaining_time":8.522479422},
{"learn":[0.0005981262922],"iteration":278,"passed_time":3.298543377,"remaining_time":8.524192742},
{"learn":[0.0005980957747],"iteration":279,"passed_time":3.310964992,"remaining_time":8.513909978},
{"learn":[0.0005909816623],"iteration":280,"passed_time":3.324158496,"remaining_time":8.505587043},
{"learn":[0.0005910038352],"iteration":281,"passed_time":3.342173325,"remaining_time":8.509505132},
{"learn":[0.0005910038948],"iteration":282,"passed_time":3.355261087,"remaining_time":8.500785157},
{"learn":[0.0005910375118],"iteration":283,"passed_time":3.377144828,"remaining_time":8.5142102},
{"learn":[0.0005910323858],"iteration":284,"passed_time":3.392970871,"remaining_time":8.512190079},
{"learn":[0.0005909496546],"iteration":285,"passed_time":3.408028083,"remaining_time":8.508154024},
{"learn":[0.000591004014],"iteration":286,"passed_time":3.42410974,"remaining_time":8.506586217},
{"learn":[0.0005909586549],"iteration":287,"passed_time":3.43921386,"remaining_time":8.502500932},
{"learn":[0.0005909586549],"iteration":288,"passed_time":3.450172882,"remaining_time":8.48814159},
{"learn":[0.0005909586549],"iteration":289,"passed_time":3.456430863,"remaining_time":8.46229625},
{"learn":[0.0005909586549],"iteration":290,"passed_time":3.465458167,"remaining_time":8.443332785},
{"learn":[0.0005909586549],"iteration":291,"passed_time":3.472223896,"remaining_time":8.418953831},
{"learn":[0.0005909586549],"iteration":292,"passed_time":3.481173024,"remaining_time":8.399963578},
{"learn":[0.0005909586549],"iteration":293,"passed_time":3.486897179,"remaining_time":8.373297307},
{"learn":[0.0005909586549],"iteration":294,"passed_time":3.49469048,"remaining_time":8.351717926},
{"learn":[0.0005909586549],"iteration":295,"passed_time":3.500263655,"remaining_time":8.324951395},
{"learn":[0.0005909586549],"iteration":296,"passed_time":3.507810648,"remaining_time":8.302999615},
{"learn":[0.0005909255743],"iteration":297,"passed_time":3.513760383,"remaining_time":8.277381843},
{"learn":[0.0005909478664],"iteration":298,"passed_time":3.519272034,"remaining_time":8.250868547},
{"learn":[0.0005910065174],"iteration":299,"passed_time":3.532444803,"remaining_time":8.242371206},
{"learn":[0.0005909038186],"iteration":300,"passed_time":3.561942972,"remaining_time":8.27175461},
{"learn":[0.0005909844041],"iteration":301,"passed_time":3.576208884,"remaining_time":8.265542388},
{"learn":[0.000590972662],"iteration":302,"passed_time":3.582364733,"remaining_time":8.240621185},
{"learn":[0.000590972662],"iteration":303,"passed_time":3.588463461,"remaining_time":8.215692661},
{"learn":[0.000590972662],"iteration":304,"passed_time":3.593989535,"remaining_time":8.18958271},
{"learn":[0.000590972662],"iteration":305,"passed_time":3.602576724,"remaining_time":8.170549824},
{"learn":[0.000590972662],"iteration":306,"passed_time":3.608811395,"remaining_time":8.146274582},
{"learn":[0.000590972662],"iteration":307,"passed_time":3.618151357,"remaining_time":8.129093309},
{"learn":[0.000590972662],"iteration":308,"passed_time":3.624536695,"remaining_time":8.105355521},
{"learn":[0.0005909738541],"iteration":309,"passed_time":3.634987254,"remaining_time":8.090778081},
{"learn":[0.0005909738541],"iteration":310,"passed_time":3.641209942,"remaining_time":8.06686061},
{"learn":[0.0005909738541],"iteration":311,"passed_time":3.647672001,"remaining_time":8.043584412},
{"learn":[0.0005909738541],"iteration":312,"passed_time":3.653559016,"remaining_time":8.019153495},
{"learn":[0.0005909738541],"iteration":313,"passed_time":3.662120697,"remaining_time":8.000684071},
{"learn":[0.0005909571052],"iteration":314,"passed_time":3.668605713,"remaining_time":7.977761631},
{"learn":[0.000590967536],"iteration":315,"passed_time":3.677306122,"remaining_time":7.959738569},
{"learn":[0.0005909564495],"iteration":316,"passed_time":3.684132422,"remaining_time":7.937736418},
{"learn":[0.0005909594297],"iteration":317,"passed_time":3.692914747,"remaining_time":7.920024709},
{"learn":[0.0005909594297],"iteration":318,"passed_time":3.698153585,"remaining_time":7.894804362},
{"learn":[0.0005909594297],"iteration":319,"passed_time":3.705778266,"remaining_time":7.874778815},
{"learn":[0.0005909285545],"iteration":320,"passed_time":3.713531724,"remaining_time":7.855102929},
{"learn":[0.0005909285545],"iteration":321,"passed_time":3.721820342,"remaining_time":7.836627925},
{"learn":[0.0005909285545],"iteration":322,"passed_time":3.729316941,"remaining_time":7.816555942},
{"learn":[0.0005909167528],"iteration":323,"passed_time":3.739081689,"remaining_time":7.801293894},
{"learn":[0.0005909150839],"iteration":324,"passed_time":3.745843597,"remaining_time":7.77982901},
{"learn":[0.0005909463167],"iteration":325,"passed_time":3.755046761,"remaining_time":7.763501586},
{"learn":[0.0005909569263],"iteration":326,"passed_time":3.761408066,"remaining_time":7.741368895},
{"learn":[0.0005908955336],"iteration":327,"passed_time":3.770055425,"remaining_time":7.724015992},
{"learn":[0.000590904057],"iteration":328,"passed_time":3.7757073,"remaining_time":7.700606682},
{"learn":[0.000590904057],"iteration":329,"passed_time":3.784419148,"remaining_time":7.683517665},
{"learn":[0.000590904057],"iteration":330,"passed_time":3.790189036,"remaining_time":7.660533127},
{"learn":[0.0005909141302],"iteration":331,"passed_time":3.798546296,"remaining_time":7.64285821},
{"learn":[0.0005909488201],"iteration":332,"passed_time":3.80437251,"remaining_time":7.620169561},
{"learn":[0.0005908987522],"iteration":333,"passed_time":3.81221855,"remaining_time":7.601609443},
{"learn":[0.0005909036994],"iteration":334,"passed_time":3.817964465,"remaining_time":7.578944386},
{"learn":[0.0005909036994],"iteration":335,"passed_time":3.823457158,"remaining_time":7.555879623},
{"learn":[0.0005909036994],"iteration":336,"passed_time":3.831275417,"remaining_time":7.537494366},
{"learn":[0.0005909036994],"iteration":337,"passed_time":3.836989369,"remaining_time":7.515050184},
{"learn":[0.0005909036994],"iteration":338,"passed_time":3.845397215,"remaining_time":7.497957402},
{"learn":[0.0005909036994],"iteration":339,"passed_time":3.851127152,"remaining_time":7.475717412},
{"learn":[0.0005909036994],"iteration":340,"passed_time":3.859080488,"remaining_time":7.457871089},
{"learn":[0.0005909036994],"iteration":341,"passed_time":3.865810546,"remaining_time":7.437729061},
{"learn":[0.0005909036994],"iteration":342,"passed_time":3.873745568,"remaining_time":7.419973289},
{"learn":[0.0005909036994],"iteration":343,"passed_time":3.879454887,"remaining_time":7.398030249},
{"learn":[0.0005909036994],"iteration":344,"passed_time":3.884827407,"remaining_time":7.375541889},
{"learn":[0.0005909036994],"iteration":345,"passed_time":3.893474967,"remaining_time":7.359342857},
{"learn":[0.0005909036994],"iteration":346,"passed_time":3.900539208,"remaining_time":7.340207789},
{"learn":[0.0005909145474],"iteration":347,"passed_time":3.909430531,"remaining_time":7.324565248},
{"learn":[0.0005908766985],"iteration":348,"passed_time":3.918321241,"remaining_time":7.308960252},
{"learn":[0.0005908949375],"iteration":349,"passed_time":3.945155749,"remaining_time":7.32671782},
{"learn":[0.0005908949375],"iteration":350,"passed_time":3.955322027,"remaining_time":7.313401697},
{"learn":[0.0005908949375],"iteration":351,"passed_time":3.961146755,"remaining_time":7.292111071},
{"learn":[0.0005908949375],"iteration":352,"passed_time":3.974227693,"remaining_time":7.284207698},
{"learn":[0.0005908949375],"iteration":353,"passed_time":3.980543737,"remaining_time":7.263930096},
{"learn":[0.0005908949375],"iteration":354,"passed_time":4.002763001,"remaining_time":7.272625734},
{"learn":[0.0005908949375],"iteration":355,"passed_time":4.014891067,"remaining_time":7.262892829},
{"learn":[0.0005908837318],"iteration":356,"passed_time":4.024349866,"remaining_time":7.248338834},
{"learn":[0.0005908837318],"iteration":357,"passed_time":4.04566234,"remaining_time":7.255070454},
{"learn":[0.0005908837318],"iteration":358,"passed_time":4.05421935,"remaining_time":7.238870762},
{"learn":[0.0005908837318],"iteration":359,"passed_time":4.069988954,"remaining_time":7.235535919},
{"learn":[0.0005908837318],"iteration":360,"passed_time":4.084271692,"remaining_time":7.229500308},
{"learn":[0.0005908837318],"iteration":361,"passed_time":4.096170137,"remaining_time":7.219216982},
{"learn":[0.0005908837318],"iteration":362,"passed_time":4.111032595,"remaining_time":7.214126068},
{"learn":[0.0005908837318],"iteration":363,"passed_time":4.118432648,"remaining_time":7.195942759},
{"learn":[0.0005908837318],"iteration":364,"passed_time":4.128531603,"remaining_time":7.182513884},
{"learn":[0.0005908837318],"iteration":365,"passed_time":4.139705864,"remaining_time":7.170965896},
{"learn":[0.0005908837318],"iteration":366,"passed_time":4.146485857,"remaining_time":7.151840729},
{"learn":[0.0005908837318],"iteration":367,"passed_time":4.154738108,"remaining_time":7.135311098},
{"learn":[0.0005908837318],"iteration":368,"passed_time":4.161366193,"remaining_time":7.116048965},
{"learn":[0.0005908837318],"iteration":369,"passed_time":4.166696418,"remaining_time":7.094645252},
{"learn":[0.0005908837318],"iteration":370,"passed_time":4.175737315,"remaining_time":7.079619329},
{"learn":[0.0005908837318],"iteration":371,"passed_time":4.181005181,"remaining_time":7.058256059},
{"learn":[0.0005908962488],"iteration":372,"passed_time":4.189973144,"remaining_time":7.043198825},
{"learn":[0.0005908962488],"iteration":373,"passed_time":4.195343102,"remaining_time":7.022151823},
{"learn":[0.0005908962488],"iteration":374,"passed_time":4.203060857,"remaining_time":7.005101429},
{"learn":[0.0005908962488],"iteration":375,"passed_time":4.208906984,"remaining_time":6.984994569},
{"learn":[0.0005908962488],"iteration":376,"passed_time":4.216865367,"remaining_time":6.968453909},
{"learn":[0.0005908962488],"iteration":377,"passed_time":4.223254716,"remaining_time":6.949376808},
{"learn":[0.0005908962488],"iteration":378,"passed_time":4.231354441,"remaining_time":6.933169149},
{"learn":[0.0005908962488],"iteration":379,"passed_time":4.23845309,"remaining_time":6.915370831},
{"learn":[0.0005908962488],"iteration":380,"passed_time":4.248536304,"remaining_time":6.902477617},
{"learn":[0.0005908962488],"iteration":381,"passed_time":4.254480137,"remaining_time":6.882902421},
{"learn":[0.0005908962488],"iteration":382,"passed_time":4.261215652,"remaining_time":6.864673778},
{"learn":[0.0005908962488],"iteration":383,"passed_time":4.268526029,"remaining_time":6.847427171},
{"learn":[0.0005908962488],"iteration":384,"passed_time":4.274215486,"remaining_time":6.82764292},
{"learn":[0.0005908962488],"iteration":385,"passed_time":4.28379104,"remaining_time":6.814113209},
{"learn":[0.0005908962488],"iteration":386,"passed_time":4.292510428,"remaining_time":6.799247784},
{"learn":[0.0005908962488],"iteration":387,"passed_time":4.331811792,"remaining_time":6.832651589},
{"learn":[0.0005908962488],"iteration":388,"passed_time":4.345834181,"remaining_time":6.825976053},
{"learn":[0.0005908962488],"iteration":389,"passed_time":4.366489606,"remaining_time":6.82963759},
{"learn":[0.0005908962488],"iteration":390,"passed_time":4.38492044,"remaining_time":6.829709841},
{"learn":[0.0005908962488],"iteration":391,"passed_time":4.396318582,"remaining_time":6.818779842},
{"learn":[0.0005908962488],"iteration":392,"passed_time":4.406583585,"remaining_time":6.806097292},
{"learn":[0.0005908962488],"iteration":393,"passed_time":4.414922649,"remaining_time":6.790464786},
{"learn":[0.0005908962488],"iteration":394,"passed_time":4.426109311,"remaining_time":6.779230717},
{"learn":[0.0005908962488],"iteration":395,"passed_time":4.440588382,"remaining_time":6.773018644},
{"learn":[0.0005908962488],"iteration":396,"passed_time":4.452745397,"remaining_time":6.76323797},
{"learn":[0.0005908962488],"iteration":397,"passed_time":4.460935412,"remaining_time":6.74744502},
{"learn":[0.0005908962488],"iteration":398,"passed_time":4.473912299,"remaining_time":6.738900481},
{"learn":[0.0005908962488],"iteration":399,"passed_time":4.484546625,"remaining_time":6.726819938},
{"learn":[0.0005908962488],"iteration":400,"passed_time":4.493881912,"remaining_time":6.712806149},
{"learn":[0.0005908962488],"iteration":401,"passed_time":4.521703929,"remaining_time":6.726315795},
{"learn":[0.0005908962488],"iteration":402,"passed_time":4.537124888,"remaining_time":6.721249524},
{"learn":[0.0005908962488],"iteration":403,"passed_time":4.554855974,"remaining_time":6.719540001},
{"learn":[0.0005908962488],"iteration":404,"passed_time":4.572920296,"remaining_time":6.718240929},
{"learn":[0.0005908962488],"iteration":405,"passed_time":4.581153381,"remaining_time":6.702475636},
{"learn":[0.0005908962488],"iteration":406,"passed_time":4.593192212,"remaining_time":6.692292338},
{"learn":[0.0005908962488],"iteration":407,"passed_time":4.600269872,"remaining_time":6.674901382},
{"learn":[0.0005908962488],"iteration":408,"passed_time":4.61099694,"remaining_time":6.66283421},
{"learn":[0.0005908962488],"iteration":409,"passed_time":4.622757816,"remaining_time":6.652261248},
{"learn":[0.0005908962488],"iteration":410,"passed_time":4.63016558,"remaining_time":6.635444104},
{"learn":[0.0005908962488],"iteration":411,"passed_time":4.640497624,"remaining_time":6.622846123},
{"learn":[0.0005908962488],"iteration":412,"passed_time":4.647236385,"remaining_time":6.605151957},
{"learn":[0.0005908962488],"iteration":413,"passed_time":4.658170329,"remaining_time":6.593448823},
{"learn":[0.0005908962488],"iteration":414,"passed_time":4.671437671,"remaining_time":6.585038644},
{"learn":[0.0005908962488],"iteration":415,"passed_time":4.678121692,"remaining_time":6.567363145},
{"learn":[0.0005908962488],"iteration":416,"passed_time":4.687241232,"remaining_time":6.553145415},
{"learn":[0.0005908962488],"iteration":417,"passed_time":4.701037198,"remaining_time":6.545463276},
{"learn":[0.0005908962488],"iteration":418,"passed_time":4.709101793,"remaining_time":6.529804635},
{"learn":[0.0005908962488],"iteration":419,"passed_time":4.719274867,"remaining_time":6.517093864},
{"learn":[0.0005908962488],"iteration":420,"passed_time":4.725191161,"remaining_time":6.498540812},
{"learn":[0.0005908962488],"iteration":421,"passed_time":4.733998767,"remaining_time":6.484007789},
{"learn":[0.0005908962488],"iteration":422,"passed_time":4.739383429,"remaining_time":6.464832715},
{"learn":[0.0005908962488],"iteration":423,"passed_time":4.749535856,"remaining_time":6.452199653},
{"learn":[0.0005908962488],"iteration":424,"passed_time":4.75568524,"remaining_time":6.434162383},
{"learn":[0.0005908962488],"iteration":425,"passed_time":4.764523351,"remaining_time":6.419803765},
{"learn":[0.0005908962488],"iteration":426,"passed_time":4.769940107,"remaining_time":6.400879816},
{"learn":[0.0005908962488],"iteration":427,"passed_time":4.780210024,"remaining_time":6.388504985},
{"learn":[0.0005908962488],"iteration":428,"passed_time":4.788685053,"remaining_time":6.373750968},
{"learn":[0.0005908962488],"iteration":429,"passed_time":4.797413485,"remaining_time":6.359362062},
{"learn":[0.0005908962488],"iteration":430,"passed_time":4.807185774,"remaining_time":6.346377506},
{"learn":[0.0005908962488],"iteration":431,"passed_time":4.813165824,"remaining_time":6.328421731},
{"learn":[0.0005908962488],"iteration":432,"passed_time":4.82169134,"remaining_time":6.313854479},
{"learn":[0.0005908962488],"iteration":433,"passed_time":4.82718344,"remaining_time":6.295359048},
{"learn":[0.0005908962488],"iteration":434,"passed_time":4.832629606,"remaining_time":6.276863741},
{"learn":[0.0005908962488],"iteration":435,"passed_time":4.841499541,"remaining_time":6.262857204},
{"learn":[0.0005908962488],"iteration":436,"passed_time":4.847113764,"remaining_time":6.244679746},
{"learn":[0.0005908962488],"iteration":437,"passed_time":4.85545878,"remaining_time":6.230063549},
{"learn":[0.0005908962488],"iteration":438,"passed_time":4.864149067,"remaining_time":6.215917145},
{"learn":[0.0005908962488],"iteration":439,"passed_time":4.870004069,"remaining_time":6.198186997},
{"learn":[0.0005908962488],"iteration":440,"passed_time":4.881399147,"remaining_time":6.187533159},
{"learn":[0.0005908962488],"iteration":441,"passed_time":4.888004697,"remaining_time":6.170829459},
{"learn":[0.0005908962488],"iteration":442,"passed_time":4.896603529,"remaining_time":6.156677574},
{"learn":[0.0005908962488],"iteration":443,"passed_time":4.90283484,"remaining_time":6.139585971},
{"learn":[0.0005908962488],"iteration":444,"passed_time":4.912270021,"remaining_time":6.126539014},
{"learn":[0.0005908962488],"iteration":445,"passed_time":4.918864764,"remaining_time":6.109979999},
{"learn":[0.0005908962488],"iteration":446,"passed_time":4.929720864,"remaining_time":6.098737445},
{"learn":[0.0005908962488],"iteration":447,"passed_time":4.935569441,"remaining_time":6.081326633},
{"learn":[0.0005908962488],"iteration":448,"passed_time":4.943439434,"remaining_time":6.066447947},
{"learn":[0.0005908962488],"iteration":449,"passed_time":4.949474876,"remaining_time":6.049358181},
{"learn":[0.0005908962488],"iteration":450,"passed_time":4.957631601,"remaining_time":6.034899666},
{"learn":[0.0005908962488],"iteration":451,"passed_time":4.963037422,"remaining_time":6.017133865},
{"learn":[0.0005908962488],"iteration":452,"passed_time":4.968265304,"remaining_time":5.999207773},
{"learn":[0.0005908962488],"iteration":453,"passed_time":4.975985321,"remaining_time":5.98433477},
{"learn":[0.0005908962488],"iteration":454,"passed_time":4.981517637,"remaining_time":5.966872774},
{"learn":[0.0005908962488],"iteration":455,"passed_time":4.990451137,"remaining_time":5.953520655},
{"learn":[0.0005908962488],"iteration":456,"passed_time":4.996019718,"remaining_time":5.936189731},
{"learn":[0.0005908962488],"iteration":457,"passed_time":5.001299221,"remaining_time":5.918568074},
{"learn":[0.0005908962488],"iteration":458,"passed_time":5.010979671,"remaining_time":5.906187368},
{"learn":[0.0005908962488],"iteration":459,"passed_time":5.018866127,"remaining_time":5.89171241},
{"learn":[0.0005908962488],"iteration":460,"passed_time":5.024569608,"remaining_time":5.874713707},
{"learn":[0.0005908962488],"iteration":461,"passed_time":5.029800255,"remaining_time":5.857213284},
{"learn":[0.0005908962488],"iteration":462,"passed_time":5.038471181,"remaining_time":5.843755992},
{"learn":[0.0005908962488],"iteration":463,"passed_time":5.045324358,"remaining_time":5.828219517},
{"learn":[0.0005908962488],"iteration":464,"passed_time":5.053910422,"remaining_time":5.814714141},
{"learn":[0.0005908962488],"iteration":465,"passed_time":5.061431805,"remaining_time":5.800009836},
{"learn":[0.0005908962488],"iteration":466,"passed_time":5.070220082,"remaining_time":5.786782235},
{"learn":[0.0005908962488],"iteration":467,"passed_time":5.079786218,"remaining_time":5.774457838},
{"learn":[0.0005908962488],"iteration":468,"passed_time":5.087002063,"remaining_time":5.759484212},
{"learn":[0.0005908962488],"iteration":469,"passed_time":5.093770886,"remaining_time":5.74403951},
{"learn":[0.0005908962488],"iteration":470,"passed_time":5.100677094,"remaining_time":5.72878595},
{"learn":[0.0005908962488],"iteration":471,"passed_time":5.105966108,"remaining_time":5.711758697},
{"learn":[0.0005908962488],"iteration":472,"passed_time":5.115097687,"remaining_time":5.699062328},
{"learn":[0.0005908962488],"iteration":473,"passed_time":5.12033742,"remaining_time":5.6820622},
{"learn":[0.0005908962488],"iteration":474,"passed_time":5.129587914,"remaining_time":5.669544536},
{"learn":[0.0005908962488],"iteration":475,"passed_time":5.135872004,"remaining_time":5.653775063},
{"learn":[0.0005908962488],"iteration":476,"passed_time":5.14428372,"remaining_time":5.640378167},
{"learn":[0.0005908962488],"iteration":477,"passed_time":5.149540792,"remaining_time":5.623557099},
{"learn":[0.0005908962488],"iteration":478,"passed_time":5.157302,"remaining_time":5.609508021},
{"learn":[0.0005908962488],"iteration":479,"passed_time":5.162937742,"remaining_time":5.593182554},
{"learn":[0.0005908962488],"iteration":480,"passed_time":5.169216255,"remaining_time":5.577595086},
{"learn":[0.0005908962488],"iteration":481,"passed_time":5.190080844,"remaining_time":5.577721737},
{"learn":[0.0005908962488],"iteration":482,"passed_time":5.196165629,"remaining_time":5.561941264},
{"learn":[0.0005908962488],"iteration":483,"passed_time":5.20311021,"remaining_time":5.547117497},
{"learn":[0.0005908962488],"iteration":484,"passed_time":5.20884701,"remaining_time":5.531043732},
{"learn":[0.0005908962488],"iteration":485,"passed_time":5.214710565,"remaining_time":5.515146564},
{"learn":[0.0005908962488],"iteration":486,"passed_time":5.224208825,"remaining_time":5.503119358},
{"learn":[0.0005908962488],"iteration":487,"passed_time":5.229553654,"remaining_time":5.486744817},
{"learn":[0.0005908962488],"iteration":488,"passed_time":5.238717899,"remaining_time":5.474406639},
{"learn":[0.0005908962488],"iteration":489,"passed_time":5.245873657,"remaining_time":5.459990949},
{"learn":[0.0005908962488],"iteration":490,"passed_time":5.256297047,"remaining_time":5.448992254},
{"learn":[0.0005908962488],"iteration":491,"passed_time":5.261700284,"remaining_time":5.432812488},
{"learn":[0.0005908962488],"iteration":492,"passed_time":5.270218272,"remaining_time":5.419879643},
{"learn":[0.0005908962488],"iteration":493,"passed_time":5.280162268,"remaining_time":5.408425319},
{"learn":[0.0005908962488],"iteration":494,"passed_time":5.288291443,"remaining_time":5.395125613},
{"learn":[0.0005908962488],"iteration":495,"passed_time":5.295941163,"remaining_time":5.381359569},
{"learn":[0.0005908962488],"iteration":496,"passed_time":5.303004439,"remaining_time":5.367024614},
{"learn":[0.0005908962488],"iteration":497,"passed_time":5.314037813,"remaining_time":5.356720848},
{"learn":[0.0005908962488],"iteration":498,"passed_time":5.320380745,"remaining_time":5.341704916},
{"learn":[0.0005908962488],"iteration":499,"passed_time":5.328506341,"remaining_time":5.328506341},
{"learn":[0.0005908962488],"iteration":500,"passed_time":5.335067176,"remaining_time":5.313769503},
{"learn":[0.0005908962488],"iteration":501,"passed_time":5.343405104,"remaining_time":5.300828171},
{"learn":[0.0005908962488],"iteration":502,"passed_time":5.348919568,"remaining_time":5.285115359},
{"learn":[0.0005908962488],"iteration":503,"passed_time":5.354273966,"remaining_time":5.269285491},
{"learn":[0.0005908962488],"iteration":504,"passed_time":5.36232044,"remaining_time":5.256135876},
{"learn":[0.0005908962488],"iteration":505,"passed_time":5.367748322,"remaining_time":5.240449943},
{"learn":[0.0005908962488],"iteration":506,"passed_time":5.37582875,"remaining_time":5.227383775},
{"learn":[0.0005908962488],"iteration":507,"passed_time":5.381322687,"remaining_time":5.211832209},
{"learn":[0.0005908962488],"iteration":508,"passed_time":5.387002215,"remaining_time":5.19649919},
{"learn":[0.0005908962488],"iteration":509,"passed_time":5.393586658,"remaining_time":5.182073456},
{"learn":[0.0005908962488],"iteration":510,"passed_time":5.399108963,"remaining_time":5.166662002},
{"learn":[0.0005908962488],"iteration":511,"passed_time":5.406819763,"remaining_time":5.153375087},
{"learn":[0.0005908962488],"iteration":512,"passed_time":5.41271697,"remaining_time":5.138388235},
{"learn":[0.0005908962488],"iteration":513,"passed_time":5.420968651,"remaining_time":5.125662965},
{"learn":[0.0005908962488],"iteration":514,"passed_time":5.427106465,"remaining_time":5.110964341},
{"learn":[0.0005908962488],"iteration":515,"passed_time":5.435415296,"remaining_time":5.098335278},
{"learn":[0.0005908962488],"iteration":516,"passed_time":5.440960859,"remaining_time":5.083141383},
{"learn":[0.0005908962488],"iteration":517,"passed_time":5.452427705,"remaining_time":5.073494505},
{"learn":[0.0005908962488],"iteration":518,"passed_time":5.458293068,"remaining_time":5.058649259},
{"learn":[0.0005908962488],"iteration":519,"passed_time":5.470205614,"remaining_time":5.049420567},
{"learn":[0.0005908962488],"iteration":520,"passed_time":5.47800774,"remaining_time":5.03640251},
{"learn":[0.0005908962488],"iteration":521,"passed_time":5.489043455,"remaining_time":5.026365462},
{"learn":[0.0005908962488],"iteration":522,"passed_time":5.494875127,"remaining_time":5.011578271},
{"learn":[0.0005908962488],"iteration":523,"passed_time":5.501774718,"remaining_time":4.997795355},
{"learn":[0.0005908962488],"iteration":524,"passed_time":5.507835913,"remaining_time":4.983280112},
{"learn":[0.0005908962488],"iteration":525,"passed_time":5.516901253,"remaining_time":4.971504171},
{"learn":[0.0005908962488],"iteration":526,"passed_time":5.523320345,"remaining_time":4.957363422},
{"learn":[0.0005908962488],"iteration":527,"passed_time":5.53200412,"remaining_time":4.94527641},
{"learn":[0.0005908962488],"iteration":528,"passed_time":5.537506502,"remaining_time":4.930369684},
{"learn":[0.0005908962488],"iteration":529,"passed_time":5.54496593,"remaining_time":4.917233938},
{"learn":[0.0005908962488],"iteration":530,"passed_time":5.551459171,"remaining_time":4.903266198},
{"learn":[0.0005908962488],"iteration":531,"passed_time":5.565992537,"remaining_time":4.89639945},
{"learn":[0.0005908962488],"iteration":532,"passed_time":5.576707554,"remaining_time":4.886158401},
{"learn":[0.0005908962488],"iteration":533,"passed_time":5.582489322,"remaining_time":4.871610532},
{"learn":[0.0005908962488],"iteration":534,"passed_time":5.591974023,"remaining_time":4.86031387},
{"learn":[0.0005908962488],"iteration":535,"passed_time":5.59764968,"remaining_time":4.845726589},
{"learn":[0.0005908962488],"iteration":536,"passed_time":5.606322267,"remaining_time":4.833756442},
{"learn":[0.0005908962488],"iteration":537,"passed_time":5.611855105,"remaining_time":4.819102339},
{"learn":[0.0005908962488],"iteration":538,"passed_time":5.617200075,"remaining_time":4.8043214},
{"learn":[0.0005908962488],"iteration":539,"passed_time":5.62599762,"remaining_time":4.792516491},
{"learn":[0.0005908962488],"iteration":540,"passed_time":5.632411303,"remaining_time":4.778700163},
{"learn":[0.0005908962488],"iteration":541,"passed_time":5.640834265,"remaining_time":4.766609029},
{"learn":[0.0005908962488],"iteration":542,"passed_time":5.649101263,"remaining_time":4.754400142},
{"learn":[0.0005908962488],"iteration":543,"passed_time":5.656091314,"remaining_time":4.741135366},
{"learn":[0.0005908962488],"iteration":544,"passed_time":5.667735602,"remaining_time":4.731779264},
{"learn":[0.0005908962488],"iteration":545,"passed_time":5.676225749,"remaining_time":4.719792106},
{"learn":[0.0005908962488],"iteration":546,"passed_time":5.684568965,"remaining_time":4.707696054},
{"learn":[0.0005908962488],"iteration":547,"passed_time":5.690386396,"remaining_time":4.693530385},
{"learn":[0.0005908962488],"iteration":548,"passed_time":5.701704362,"remaining_time":4.683913783},
{"learn":[0.0005908962488],"iteration":549,"passed_time":5.708304252,"remaining_time":4.670430752},
{"learn":[0.0005908962488],"iteration":550,"passed_time":5.717036714,"remaining_time":4.658710498},
{"learn":[0.0005908962488],"iteration":551,"passed_time":5.722500962,"remaining_time":4.644348607},
{"learn":[0.0005908962488],"iteration":552,"passed_time":5.730747497,"remaining_time":4.632267868},
{"learn":[0.0005908962488],"iteration":553,"passed_time":5.736310611,"remaining_time":4.618040672},
{"learn":[0.0005908962488],"iteration":554,"passed_time":5.741760011,"remaining_time":4.603753522},
{"learn":[0.0005908962488],"iteration":555,"passed_time":5.748736867,"remaining_time":4.59071793},
{"learn":[0.0005908962488],"iteration":556,"passed_time":5.754355282,"remaining_time":4.57662368},
{"learn":[0.0005908962488],"iteration":557,"passed_time":5.762202618,"remaining_time":4.564325372},
{"learn":[0.0005908962488],"iteration":558,"passed_time":5.767539688,"remaining_time":4.550062616},
{"learn":[0.0005908962488],"iteration":559,"passed_time":5.775851122,"remaining_time":4.538168739},
{"learn":[0.0005908962488],"iteration":560,"passed_time":5.781224236,"remaining_time":4.523988306},
{"learn":[0.0005908962488],"iteration":561,"passed_time":5.786624678,"remaining_time":4.509860515},
{"learn":[0.0005908962488],"iteration":562,"passed_time":5.794582889,"remaining_time":4.497749063},
{"learn":[0.0005908962488],"iteration":563,"passed_time":5.800814856,"remaining_time":4.484317867},
{"learn":[0.0005908962488],"iteration":564,"passed_time":5.809836876,"remaining_time":4.47306025},
{"learn":[0.0005908962488],"iteration":565,"passed_time":5.816581818,"remaining_time":4.460064504},
{"learn":[0.0005908962488],"iteration":566,"passed_time":5.82448303,"remaining_time":4.447973813},
{"learn":[0.0005908962488],"iteration":567,"passed_time":5.830040737,"remaining_time":4.43411549},
{"learn":[0.0005908962488],"iteration":568,"passed_time":5.838408761,"remaining_time":4.422415072},
{"learn":[0.0005908962488],"iteration":569,"passed_time":5.846456749,"remaining_time":4.410484916},
{"learn":[0.0005908962488],"iteration":570,"passed_time":5.855605497,"remaining_time":4.399395374},
{"learn":[0.0005908962488],"iteration":571,"passed_time":5.864342642,"remaining_time":4.388004634},
{"learn":[0.0005908962488],"iteration":572,"passed_time":5.874190646,"remaining_time":4.37745097},
{"learn":[0.0005908962488],"iteration":573,"passed_time":5.88317412,"remaining_time":4.366258145},
{"learn":[0.0005908962488],"iteration":574,"passed_time":5.888549364,"remaining_time":4.352406052},
{"learn":[0.0005908962488],"iteration":575,"passed_time":5.89384653,"remaining_time":4.338525918},
{"learn":[0.0005908962488],"iteration":576,"passed_time":5.902743461,"remaining_time":4.32731453},
{"learn":[0.0005908962488],"iteration":577,"passed_time":5.908261031,"remaining_time":4.313643867},
{"learn":[0.0005908962488],"iteration":578,"passed_time":5.916807545,"remaining_time":4.302203759},
{"learn":[0.0005908962488],"iteration":579,"passed_time":5.923247232,"remaining_time":4.289247996},
{"learn":[0.0005908962488],"iteration":580,"passed_time":5.931945619,"remaining_time":4.27794357},
{"learn":[0.0005908962488],"iteration":581,"passed_time":5.940431885,"remaining_time":4.266495752},
{"learn":[0.0005908962488],"iteration":582,"passed_time":5.949916586,"remaining_time":4.255772241},
{"learn":[0.0005908962488],"iteration":583,"passed_time":5.961476896,"remaining_time":4.246531488},
{"learn":[0.0005908962488],"iteration":584,"passed_time":5.970264,"remaining_time":4.235315487},
{"learn":[0.0005908962488],"iteration":585,"passed_time":5.976637324,"remaining_time":4.222402478},
{"learn":[0.0005908962488],"iteration":586,"passed_time":5.985823532,"remaining_time":4.211490833},
{"learn":[0.0005908962488],"iteration":587,"passed_time":5.991813975,"remaining_time":4.198345847},
{"learn":[0.0005908962488],"iteration":588,"passed_time":5.998203889,"remaining_time":4.185503902},
{"learn":[0.0005908962488],"iteration":589,"passed_time":6.005031302,"remaining_time":4.172987854},
{"learn":[0.0005908962488],"iteration":590,"passed_time":6.01120112,"remaining_time":4.16003597},
{"learn":[0.0005908962488],"iteration":591,"passed_time":6.019290441,"remaining_time":4.148429899},
{"learn":[0.0005908962488],"iteration":592,"passed_time":6.026722842,"remaining_time":4.136384817},
{"learn":[0.0005908962488],"iteration":593,"passed_time":6.034294563,"remaining_time":4.124450493},
{"learn":[0.0005908962488],"iteration":594,"passed_time":6.045057597,"remaining_time":4.11470307},
{"learn":[0.0005908962488],"iteration":595,"passed_time":6.053843721,"remaining_time":4.103612187},
{"learn":[0.0005908962488],"iteration":596,"passed_time":6.063776216,"remaining_time":4.093302873},
{"learn":[0.0005908962488],"iteration":597,"passed_time":6.06934354,"remaining_time":4.080060373},
{"learn":[0.0005908962488],"iteration":598,"passed_time":6.077540089,"remaining_time":4.068603632},
{"learn":[0.0005908962488],"iteration":599,"passed_time":6.083257298,"remaining_time":4.055504865},
{"learn":[0.0005908962488],"iteration":600,"passed_time":6.09154661,"remaining_time":4.044138265},
{"learn":[0.0005908962488],"iteration":601,"passed_time":6.098208128,"remaining_time":4.031705706},
{"learn":[0.0005908962488],"iteration":602,"passed_time":6.106857385,"remaining_time":4.020600965},
{"learn":[0.0005908962488],"iteration":603,"passed_time":6.112367789,"remaining_time":4.007446431},
{"learn":[0.0005908962488],"iteration":604,"passed_time":6.117764201,"remaining_time":3.994242743},
{"learn":[0.0005908962488],"iteration":605,"passed_time":6.125787195,"remaining_time":3.982772532},
{"learn":[0.0005908962488],"iteration":606,"passed_time":6.134022862,"remaining_time":3.971451375},
{"learn":[0.0005908962488],"iteration":607,"passed_time":6.144873765,"remaining_time":3.961826506},
{"learn":[0.0005908962488],"iteration":608,"passed_time":6.151216184,"remaining_time":3.949303001},
{"learn":[0.0005908962488],"iteration":609,"passed_time":6.158794113,"remaining_time":3.937589679},
{"learn":[0.0005908962488],"iteration":610,"passed_time":6.16426386,"remaining_time":3.924547695},
{"learn":[0.0005908962488],"iteration":611,"passed_time":6.172986964,"remaining_time":3.913593042},
{"learn":[0.0005908962488],"iteration":612,"passed_time":6.178618184,"remaining_time":3.900693699},
{"learn":[0.0005908962488],"iteration":613,"passed_time":6.187228423,"remaining_time":3.889690833},
{"learn":[0.0005908962488],"iteration":614,"passed_time":6.192874017,"remaining_time":3.876839832},
{"learn":[0.0005908962488],"iteration":615,"passed_time":6.200733053,"remaining_time":3.865392033},
{"learn":[0.0005908962488],"iteration":616,"passed_time":6.207642163,"remaining_time":3.853366205},
{"learn":[0.0005908962488],"iteration":617,"passed_time":6.218792142,"remaining_time":3.843978314},
{"learn":[0.0005908962488],"iteration":618,"passed_time":6.229093497,"remaining_time":3.834062395},
{"learn":[0.0005908962488],"iteration":619,"passed_time":6.238250918,"remaining_time":3.823444111},
{"learn":[0.0005908962488],"iteration":620,"passed_time":6.245038912,"remaining_time":3.811384457},
{"learn":[0.0005908962488],"iteration":621,"passed_time":6.252500861,"remaining_time":3.799751327},
{"learn":[0.0005908962488],"iteration":622,"passed_time":6.261691952,"remaining_time":3.789177955},
{"learn":[0.0005908962488],"iteration":623,"passed_time":6.267331505,"remaining_time":3.776468984},
{"learn":[0.0005908962488],"iteration":624,"passed_time":6.272930822,"remaining_time":3.763758493},
{"learn":[0.0005908962488],"iteration":625,"passed_time":6.281525635,"remaining_time":3.752860363},
{"learn":[0.0005908962488],"iteration":626,"passed_time":6.287373542,"remaining_time":3.740335456},
{"learn":[0.0005908962488],"iteration":627,"passed_time":6.296293129,"remaining_time":3.729651344},
{"learn":[0.0005908962488],"iteration":628,"passed_time":6.30285171,"remaining_time":3.717580261},
{"learn":[0.0005908962488],"iteration":629,"passed_time":6.311213963,"remaining_time":3.706585979},
{"learn":[0.0005908962488],"iteration":630,"passed_time":6.317390013,"remaining_time":3.694321577},
{"learn":[0.0005908962488],"iteration":631,"passed_time":6.325795317,"remaining_time":3.683374488},
{"learn":[0.0005908962488],"iteration":632,"passed_time":6.331574474,"remaining_time":3.670912847},
{"learn":[0.0005908962488],"iteration":633,"passed_time":6.339303606,"remaining_time":3.659597981},
{"learn":[0.0005908962488],"iteration":634,"passed_time":6.344866628,"remaining_time":3.647049321},
{"learn":[0.0005908962488],"iteration":635,"passed_time":6.350272438,"remaining_time":3.634432653},
{"learn":[0.0005908962488],"iteration":636,"passed_time":6.358335505,"remaining_time":3.623352886},
{"learn":[0.0005908962488],"iteration":637,"passed_time":6.363784486,"remaining_time":3.610799348},
{"learn":[0.0005908962488],"iteration":638,"passed_time":6.371935524,"remaining_time":3.599794561},
{"learn":[0.0005908962488],"iteration":639,"passed_time":6.379869835,"remaining_time":3.588676782},
{"learn":[0.0005908962488],"iteration":640,"passed_time":6.394773814,"remaining_time":3.581472386},
{"learn":[0.0005908962488],"iteration":641,"passed_time":6.406319912,"remaining_time":3.57237154},
{"learn":[0.0005908962488],"iteration":642,"passed_time":6.419378697,"remaining_time":3.564102947},
{"learn":[0.0005908962488],"iteration":643,"passed_time":6.427631643,"remaining_time":3.553162834},
{"learn":[0.0005908962488],"iteration":644,"passed_time":6.435546411,"remaining_time":3.542044924},
{"learn":[0.0005908962488],"iteration":645,"passed_time":6.445587531,"remaining_time":3.532102146},
{"learn":[0.0005908962488],"iteration":646,"passed_time":6.451820251,"remaining_time":3.520081219},
{"learn":[0.0005908962488],"iteration":647,"passed_time":6.459218679,"remaining_time":3.508711381},
{"learn":[0.0005908962488],"iteration":648,"passed_time":6.465205775,"remaining_time":3.496590488},
{"learn":[0.0005908962488],"iteration":649,"passed_time":6.470979361,"remaining_time":3.484373502},
{"learn":[0.0005908962488],"iteration":650,"passed_time":6.477616896,"remaining_time":3.472639473},
{"learn":[0.0005908962488],"iteration":651,"passed_time":6.482984783,"remaining_time":3.460243412},
{"learn":[0.0005908962488],"iteration":652,"passed_time":6.491462856,"remaining_time":3.449521609},
{"learn":[0.0005908962488],"iteration":653,"passed_time":6.497728442,"remaining_time":3.437636148},
{"learn":[0.0005908962488],"iteration":654,"passed_time":6.506229996,"remaining_time":3.42694557},
{"learn":[0.0005908962488],"iteration":655,"passed_time":6.515309932,"remaining_time":3.416564964},
{"learn":[0.0005908962488],"iteration":656,"passed_time":6.523783594,"remaining_time":3.4058718},
{"learn":[0.0005908962488],"iteration":657,"passed_time":6.529251601,"remaining_time":3.393623173},
{"learn":[0.0005908962488],"iteration":658,"passed_time":6.537435465,"remaining_time":3.382800445},
{"learn":[0.0005908962488],"iteration":659,"passed_time":6.543134923,"remaining_time":3.37070587},
{"learn":[0.0005908962488],"iteration":660,"passed_time":6.551652452,"remaining_time":3.360075917},
{"learn":[0.0005908962488],"iteration":661,"passed_time":6.55745806,"remaining_time":3.34806771},
{"learn":[0.0005908962488],"iteration":662,"passed_time":6.564043086,"remaining_time":3.336474389},
{"learn":[0.0005908962488],"iteration":663,"passed_time":6.57110983,"remaining_time":3.325139914},
{"learn":[0.0005908962488],"iteration":664,"passed_time":6.576484813,"remaining_time":3.312966033},
{"learn":[0.0005908962488],"iteration":665,"passed_time":6.58572202,"remaining_time":3.302749482},
{"learn":[0.0005908962488],"iteration":666,"passed_time":6.591063874,"remaining_time":3.29059111},
{"learn":[0.0005908962488],"iteration":667,"passed_time":6.600753561,"remaining_time":3.280614045},
{"learn":[0.0005908962488],"iteration":668,"passed_time":6.607481647,"remaining_time":3.269172534},
{"learn":[0.0005908962488],"iteration":669,"passed_time":6.618398475,"remaining_time":3.259808204},
{"learn":[0.0005908962488],"iteration":670,"passed_time":6.629580816,"remaining_time":3.250569431},
{"learn":[0.0005908962488],"iteration":671,"passed_time":6.640647006,"remaining_time":3.241268181},
{"learn":[0.0005908962488],"iteration":672,"passed_time":6.648076308,"remaining_time":3.230194581},
{"learn":[0.0005908962488],"iteration":673,"passed_time":6.65383727,"remaining_time":3.218324852},
{"learn":[0.0005908962488],"iteration":674,"passed_time":6.661765521,"remaining_time":3.207516732},
{"learn":[0.0005908962488],"iteration":675,"passed_time":6.667362065,"remaining_time":3.195599569},
{"learn":[0.0005908962488],"iteration":676,"passed_time":6.675826266,"remaining_time":3.185069253},
{"learn":[0.0005908962488],"iteration":677,"passed_time":6.681607572,"remaining_time":3.173270853},
{"learn":[0.0005908962488],"iteration":678,"passed_time":6.689818212,"remaining_time":3.162638654},
{"learn":[0.0005908962488],"iteration":679,"passed_time":6.696154962,"remaining_time":3.151131747},
{"learn":[0.0005908962488],"iteration":680,"passed_time":6.705067865,"remaining_time":3.140846768},
{"learn":[0.0005908962488],"iteration":681,"passed_time":6.710513157,"remaining_time":3.12894895},
{"learn":[0.0005908962488],"iteration":682,"passed_time":6.718553448,"remaining_time":3.118274441},
{"learn":[0.0005908962488],"iteration":683,"passed_time":6.72410666,"remaining_time":3.106458633},
{"learn":[0.0005908962488],"iteration":684,"passed_time":6.729832293,"remaining_time":3.094740398},
{"learn":[0.0005908962488],"iteration":685,"passed_time":6.738647979,"remaining_time":3.084454031},
{"learn":[0.0005908962488],"iteration":686,"passed_time":6.744911033,"remaining_time":3.073008957},
{"learn":[0.0005908962488],"iteration":687,"passed_time":6.752993741,"remaining_time":3.062404138},
{"learn":[0.0005908962488],"iteration":688,"passed_time":6.76006298,"remaining_time":3.051349183},
{"learn":[0.0005908962488],"iteration":689,"passed_time":6.776600622,"remaining_time":3.0445597},
{"learn":[0.0005908962488],"iteration":690,"passed_time":6.786453815,"remaining_time":3.034752864},
{"learn":[0.0005908962488],"iteration":691,"passed_time":6.796520502,"remaining_time":3.025040917},
{"learn":[0.0005908962488],"iteration":692,"passed_time":6.803276642,"remaining_time":3.013861369},
{"learn":[0.0005908962488],"iteration":693,"passed_time":6.817413478,"remaining_time":3.005948882},
{"learn":[0.0005908962488],"iteration":694,"passed_time":6.824408948,"remaining_time":2.994884502},
{"learn":[0.0005908962488],"iteration":695,"passed_time":6.832431458,"remaining_time":2.984280407},
{"learn":[0.0005908962488],"iteration":696,"passed_time":6.838579887,"remaining_time":2.972869018},
{"learn":[0.0005908962488],"iteration":697,"passed_time":6.845496627,"remaining_time":2.961805131},
{"learn":[0.0005908962488],"iteration":698,"passed_time":6.850804598,"remaining_time":2.950060349},
{"learn":[0.0005908962488],"iteration":699,"passed_time":6.864211278,"remaining_time":2.941804833},
{"learn":[0.0005908962488],"iteration":700,"passed_time":6.871846876,"remaining_time":2.931073061},
{"learn":[0.0005908962488],"iteration":701,"passed_time":6.877444213,"remaining_time":2.919484865},
{"learn":[0.0005908962488],"iteration":702,"passed_time":6.883367502,"remaining_time":2.90805142},
{"learn":[0.0005908962488],"iteration":703,"passed_time":6.892502971,"remaining_time":2.897984204},
{"learn":[0.0005908962488],"iteration":704,"passed_time":6.902358663,"remaining_time":2.888221001},
{"learn":[0.0005908962488],"iteration":705,"passed_time":6.908221043,"remaining_time":2.876794598},
{"learn":[0.0005908962488],"iteration":706,"passed_time":6.913724109,"remaining_time":2.865235027},
{"learn":[0.0005908962488],"iteration":707,"passed_time":6.922276975,"remaining_time":2.854950391},
{"learn":[0.0005908962488],"iteration":708,"passed_time":6.928037817,"remaining_time":2.843524689},
{"learn":[0.0005908962488],"iteration":709,"passed_time":6.936766892,"remaining_time":2.833327322},
{"learn":[0.0005908962488],"iteration":710,"passed_time":6.942562039,"remaining_time":2.821941532},
{"learn":[0.0005908962488],"iteration":711,"passed_time":6.95072382,"remaining_time":2.811528736},
{"learn":[0.0005908962488],"iteration":712,"passed_time":6.956616212,"remaining_time":2.80020877},
{"learn":[0.0005908962488],"iteration":713,"passed_time":6.964355789,"remaining_time":2.789643916},
{"learn":[0.0005908962488],"iteration":714,"passed_time":6.970753672,"remaining_time":2.778552163},
{"learn":[0.0005908962488],"iteration":715,"passed_time":6.98066576,"remaining_time":2.768867425},
{"learn":[0.0005908962488],"iteration":716,"passed_time":6.986794479,"remaining_time":2.757688755},
{"learn":[0.0005908962488],"iteration":717,"passed_time":6.994480523,"remaining_time":2.747135804},
{"learn":[0.0005908962488],"iteration":718,"passed_time":7.004524858,"remaining_time":2.737512497},
{"learn":[0.0005908962488],"iteration":719,"passed_time":7.014998235,"remaining_time":2.728054869},
{"learn":[0.0005908962488],"iteration":720,"passed_time":7.021313677,"remaining_time":2.716985459},
{"learn":[0.0005908962488],"iteration":721,"passed_time":7.029000053,"remaining_time":2.706457084},
{"learn":[0.0005908962488],"iteration":722,"passed_time":7.034367117,"remaining_time":2.695047982},
{"learn":[0.0005908962488],"iteration":723,"passed_time":7.043250559,"remaining_time":2.68499607},
{"learn":[0.0005908962488],"iteration":724,"passed_time":7.048975406,"remaining_time":2.673749292},
{"learn":[0.0005908962488],"iteration":725,"passed_time":7.056672656,"remaining_time":2.663262132},
{"learn":[0.0005908962488],"iteration":726,"passed_time":7.062471894,"remaining_time":2.652069914},
{"learn":[0.0005908962488],"iteration":727,"passed_time":7.067889012,"remaining_time":2.640749741},
{"learn":[0.0005908962488],"iteration":728,"passed_time":7.077317093,"remaining_time":2.630936807},
{"learn":[0.0005908962488],"iteration":729,"passed_time":7.082680386,"remaining_time":2.619621513},
{"learn":[0.0005908962488],"iteration":730,"passed_time":7.09069371,"remaining_time":2.609297685},
{"learn":[0.0005908962488],"iteration":731,"passed_time":7.097117615,"remaining_time":2.598398252},
{"learn":[0.0005908962488],"iteration":732,"passed_time":7.105592111,"remaining_time":2.588257972},
{"learn":[0.0005908962488],"iteration":733,"passed_time":7.111020507,"remaining_time":2.577018331},
{"learn":[0.0005908962488],"iteration":734,"passed_time":7.118432303,"remaining_time":2.566509606},
{"learn":[0.0005908962488],"iteration":735,"passed_time":7.124330815,"remaining_time":2.555466488},
{"learn":[0.0005908962488],"iteration":736,"passed_time":7.129944133,"remaining_time":2.544335559},
{"learn":[0.0005908962488],"iteration":737,"passed_time":7.138776126,"remaining_time":2.534362256},
{"learn":[0.0005908962488],"iteration":738,"passed_time":7.153096267,"remaining_time":2.526330346},
{"learn":[0.0005908962488],"iteration":739,"passed_time":7.162597532,"remaining_time":2.516588322},
{"learn":[0.0005908962488],"iteration":740,"passed_time":7.173357379,"remaining_time":2.507286857},
{"learn":[0.0005908962488],"iteration":741,"passed_time":7.183785039,"remaining_time":2.497865957},
{"learn":[0.0005908962488],"iteration":742,"passed_time":7.19024132,"remaining_time":2.487068666},
{"learn":[0.0005908962488],"iteration":743,"passed_time":7.202433967,"remaining_time":2.478256849},
{"learn":[0.0005908962488],"iteration":744,"passed_time":7.212024417,"remaining_time":2.46854527},
{"learn":[0.0005908962488],"iteration":745,"passed_time":7.218110649,"remaining_time":2.457640891},
{"learn":[0.0005908962488],"iteration":746,"passed_time":7.226311178,"remaining_time":2.447465499},
{"learn":[0.0005908962488],"iteration":747,"passed_time":7.231575024,"remaining_time":2.436306024},
{"learn":[0.0005908962488],"iteration":748,"passed_time":7.240033883,"remaining_time":2.426232983},
{"learn":[0.0005908962488],"iteration":749,"passed_time":7.245526023,"remaining_time":2.415175341},
{"learn":[0.0005908962488],"iteration":750,"passed_time":7.250726586,"remaining_time":2.404035846},
{"learn":[0.0005908962488],"iteration":751,"passed_time":7.258781633,"remaining_time":2.393853517},
{"learn":[0.0005908962488],"iteration":752,"passed_time":7.264041046,"remaining_time":2.382759812},
{"learn":[0.0005908962488],"iteration":753,"passed_time":7.272569641,"remaining_time":2.372748185},
{"learn":[0.0005908962488],"iteration":754,"passed_time":7.278912763,"remaining_time":2.362031294},
{"learn":[0.0005908962488],"iteration":755,"passed_time":7.287353248,"remaining_time":2.3520029},
{"learn":[0.0005908962488],"iteration":756,"passed_time":7.292802851,"remaining_time":2.341018617},
{"learn":[0.0005908962488],"iteration":757,"passed_time":7.300253717,"remaining_time":2.330687862},
{"learn":[0.0005908962488],"iteration":758,"passed_time":7.306716078,"remaining_time":2.320050823},
{"learn":[0.0005908962488],"iteration":759,"passed_time":7.315514929,"remaining_time":2.310162609},
{"learn":[0.0005908962488],"iteration":760,"passed_time":7.321653046,"remaining_time":2.299441627},
{"learn":[0.0005908962488],"iteration":761,"passed_time":7.327097734,"remaining_time":2.28851609},
{"learn":[0.0005908962488],"iteration":762,"passed_time":7.336041344,"remaining_time":2.278691741},
{"learn":[0.0005908962488],"iteration":763,"passed_time":7.341591068,"remaining_time":2.267821325},
{"learn":[0.0005908962488],"iteration":764,"passed_time":7.350891479,"remaining_time":2.25811699},
{"learn":[0.0005908962488],"iteration":765,"passed_time":7.356735184,"remaining_time":2.247357745},
{"learn":[0.0005908962488],"iteration":766,"passed_time":7.366781851,"remaining_time":2.237888098},
{"learn":[0.0005908962488],"iteration":767,"passed_time":7.372734441,"remaining_time":2.227180196},
{"learn":[0.0005908962488],"iteration":768,"passed_time":7.380616104,"remaining_time":2.217064135},
{"learn":[0.0005908962488],"iteration":769,"passed_time":7.387279318,"remaining_time":2.206589926},
{"learn":[0.0005908962488],"iteration":770,"passed_time":7.394590067,"remaining_time":2.196317932},
{"learn":[0.0005908962488],"iteration":771,"passed_time":7.404301394,"remaining_time":2.186762588},
{"learn":[0.0005908962488],"iteration":772,"passed_time":7.410502251,"remaining_time":2.176175952},
{"learn":[0.0005908962488],"iteration":773,"passed_time":7.419361319,"remaining_time":2.166376819},
{"learn":[0.0005908962488],"iteration":774,"passed_time":7.424841438,"remaining_time":2.155599127},
{"learn":[0.0005908962488],"iteration":775,"passed_time":7.431477375,"remaining_time":2.145168727},
{"learn":[0.0005908962488],"iteration":776,"passed_time":7.438353436,"remaining_time":2.134817009},
{"learn":[0.0005908962488],"iteration":777,"passed_time":7.443818559,"remaining_time":2.12407162},
{"learn":[0.0005908962488],"iteration":778,"passed_time":7.451868781,"remaining_time":2.114073171},
{"learn":[0.0005908962488],"iteration":779,"passed_time":7.457341211,"remaining_time":2.103352649},
{"learn":[0.0005908962488],"iteration":780,"passed_time":7.466182328,"remaining_time":2.093590179},
{"learn":[0.0005908962488],"iteration":781,"passed_time":7.472938558,"remaining_time":2.083248856},
{"learn":[0.0005908962488],"iteration":782,"passed_time":7.481519306,"remaining_time":2.073422336},
{"learn":[0.0005908962488],"iteration":783,"passed_time":7.486958165,"remaining_time":2.062733372},
{"learn":[0.0005908962488],"iteration":784,"passed_time":7.494928982,"remaining_time":2.05275125},
{"learn":[0.0005908962488],"iteration":785,"passed_time":7.500568113,"remaining_time":2.04213941},
{"learn":[0.0005908962488],"iteration":786,"passed_time":7.506231185,"remaining_time":2.031546687},
{"learn":[0.0005908962488],"iteration":787,"passed_time":7.512967393,"remaining_time":2.021255187},
{"learn":[0.0005908962488],"iteration":788,"passed_time":7.518625661,"remaining_time":2.010684429},
{"learn":[0.0005908962488],"iteration":789,"passed_time":7.52669309,"remaining_time":2.000766518},
{"learn":[0.0005908962488],"iteration":790,"passed_time":7.532554193,"remaining_time":1.990270324},
{"learn":[0.0005908962488],"iteration":791,"passed_time":7.541263015,"remaining_time":1.980533721},
{"learn":[0.0005908962488],"iteration":792,"passed_time":7.548245119,"remaining_time":1.970348978},
{"learn":[0.0005908962488],"iteration":793,"passed_time":7.563144554,"remaining_time":1.962226421},
{"learn":[0.0005908962488],"iteration":794,"passed_time":7.588849038,"remaining_time":1.956873022},
{"learn":[0.0005908962488],"iteration":795,"passed_time":7.595926888,"remaining_time":1.946694831},
{"learn":[0.0005908962488],"iteration":796,"passed_time":7.605466208,"remaining_time":1.937151368},
{"learn":[0.0005908962488],"iteration":797,"passed_time":7.61181338,"remaining_time":1.926799878},
{"learn":[0.0005908962488],"iteration":798,"passed_time":7.621244618,"remaining_time":1.917234253},
{"learn":[0.0005908962488],"iteration":799,"passed_time":7.626632185,"remaining_time":1.906658046},
{"learn":[0.0005908962488],"iteration":800,"passed_time":7.634709655,"remaining_time":1.896763073},
{"learn":[0.0005908962488],"iteration":801,"passed_time":7.640164204,"remaining_time":1.886225078},
{"learn":[0.0005908962488],"iteration":802,"passed_time":7.64682545,"remaining_time":1.875995783},
{"learn":[0.0005908962488],"iteration":803,"passed_time":7.653067486,"remaining_time":1.865673168},
{"learn":[0.0005908962488],"iteration":804,"passed_time":7.658494462,"remaining_time":1.855163255},
{"learn":[0.0005908962488],"iteration":805,"passed_time":7.667569996,"remaining_time":1.845544143},
{"learn":[0.0005908962488],"iteration":806,"passed_time":7.674024175,"remaining_time":1.835299462},
{"learn":[0.0005908962488],"iteration":807,"passed_time":7.682967675,"remaining_time":1.825655685},
{"learn":[0.0005908962488],"iteration":808,"passed_time":7.688315338,"remaining_time":1.815164684},
{"learn":[0.0005908962488],"iteration":809,"passed_time":7.696392437,"remaining_time":1.805326621},
{"learn":[0.0005908962488],"iteration":810,"passed_time":7.702051851,"remaining_time":1.79492947},
{"learn":[0.0005908962488],"iteration":811,"passed_time":7.708596039,"remaining_time":1.784748837},
{"learn":[0.0005908962488],"iteration":812,"passed_time":7.716340151,"remaining_time":1.774853147},
{"learn":[0.0005908962488],"iteration":813,"passed_time":7.721724672,"remaining_time":1.764423574},
{"learn":[0.0005908962488],"iteration":814,"passed_time":7.728341711,"remaining_time":1.754286155},
{"learn":[0.0005908962488],"iteration":815,"passed_time":7.733606402,"remaining_time":1.743852424},
{"learn":[0.0005908962488],"iteration":816,"passed_time":7.74503102,"remaining_time":1.73481111},
{"learn":[0.0005908962488],"iteration":817,"passed_time":7.750918538,"remaining_time":1.724531997},
{"learn":[0.0005908962488],"iteration":818,"passed_time":7.762565281,"remaining_time":1.715536405},
{"learn":[0.0005908962488],"iteration":819,"passed_time":7.771745839,"remaining_time":1.705992989},
{"learn":[0.0005908962488],"iteration":820,"passed_time":7.780640468,"remaining_time":1.696388117},
{"learn":[0.0005908962488],"iteration":821,"passed_time":7.790992111,"remaining_time":1.687100482},
{"learn":[0.0005908962488],"iteration":822,"passed_time":7.796755345,"remaining_time":1.676823446},
{"learn":[0.0005908962488],"iteration":823,"passed_time":7.805831642,"remaining_time":1.667265011},
{"learn":[0.0005908962488],"iteration":824,"passed_time":7.811256801,"remaining_time":1.656933261},
{"learn":[0.0005908962488],"iteration":825,"passed_time":7.819166094,"remaining_time":1.647136683},
{"learn":[0.0005908962488],"iteration":826,"passed_time":7.825193544,"remaining_time":1.636951007},
{"learn":[0.0005908962488],"iteration":827,"passed_time":7.832158581,"remaining_time":1.62697014},
{"learn":[0.0005908962488],"iteration":828,"passed_time":7.838328308,"remaining_time":1.616832498},
{"learn":[0.0005908962488],"iteration":829,"passed_time":7.84402237,"remaining_time":1.606606991},
{"learn":[0.0005908962488],"iteration":830,"passed_time":7.851405317,"remaining_time":1.596735859},
{"learn":[0.0005908962488],"iteration":831,"passed_time":7.856745029,"remaining_time":1.586458131},
{"learn":[0.0005908962488],"iteration":832,"passed_time":7.863808397,"remaining_time":1.576537818},
{"learn":[0.0005908962488],"iteration":833,"passed_time":7.870122551,"remaining_time":1.566475232},
{"learn":[0.0005908962488],"iteration":834,"passed_time":7.877278028,"remaining_time":1.556587874},
{"learn":[0.0005908962488],"iteration":835,"passed_time":7.883513079,"remaining_time":1.546526489},
{"learn":[0.0005908962488],"iteration":836,"passed_time":7.888996495,"remaining_time":1.536327872},
{"learn":[0.0005908962488],"iteration":837,"passed_time":7.895215736,"remaining_time":1.526282756},
{"learn":[0.0005908962488],"iteration":838,"passed_time":7.901514755,"remaining_time":1.516262069},
{"learn":[0.0005908962488],"iteration":839,"passed_time":7.907610363,"remaining_time":1.506211498},
{"learn":[0.0005908962488],"iteration":840,"passed_time":7.914282674,"remaining_time":1.496279364},
{"learn":[0.0005908962488],"iteration":841,"passed_time":7.919839204,"remaining_time":1.486145599},
{"learn":[0.0005908962488],"iteration":842,"passed_time":7.926368898,"remaining_time":1.476203935},
{"learn":[0.0005908962488],"iteration":843,"passed_time":7.933134739,"remaining_time":1.466314004},
{"learn":[0.0005908962488],"iteration":844,"passed_time":7.942524804,"remaining_time":1.456912834},
{"learn":[0.0005908962488],"iteration":845,"passed_time":7.949075204,"remaining_time":1.446994777},
{"learn":[0.0005908962488],"iteration":846,"passed_time":7.960686867,"remaining_time":1.437998926},
{"learn":[0.0005908962488],"iteration":847,"passed_time":7.96812978,"remaining_time":1.428249678},
{"learn":[0.0005908962488],"iteration":848,"passed_time":8.008225747,"remaining_time":1.424313413},
{"learn":[0.0005908962488],"iteration":849,"passed_time":8.017953128,"remaining_time":1.414932905},
{"learn":[0.0005908962488],"iteration":850,"passed_time":8.029451322,"remaining_time":1.40586163},
{"learn":[0.0005908962488],"iteration":851,"passed_time":8.04207962,"remaining_time":1.396980967},
{"learn":[0.0005908962488],"iteration":852,"passed_time":8.069203115,"remaining_time":1.390589517},
{"learn":[0.0005908962488],"iteration":853,"passed_time":8.080932194,"remaining_time":1.381517682},
{"learn":[0.0005908962488],"iteration":854,"passed_time":8.091018313,"remaining_time":1.372161},
{"learn":[0.0005908962488],"iteration":855,"passed_time":8.111663213,"remaining_time":1.364578858},
{"learn":[0.0005908962488],"iteration":856,"passed_time":8.126918635,"remaining_time":1.356066937},
{"learn":[0.0005908962488],"iteration":857,"passed_time":8.172152005,"remaining_time":1.352500682},
{"learn":[0.0005908962488],"iteration":858,"passed_time":8.194349548,"remaining_time":1.345056212},
{"learn":[0.0005908962488],"iteration":859,"passed_time":8.204491771,"remaining_time":1.335614939},
{"learn":[0.0005908962488],"iteration":860,"passed_time":8.212713117,"remaining_time":1.325861932},
{"learn":[0.0005908962488],"iteration":861,"passed_time":8.219413663,"remaining_time":1.315869009},
{"learn":[0.0005908962488],"iteration":862,"passed_time":8.225888025,"remaining_time":1.305847809},
{"learn":[0.0005908962488],"iteration":863,"passed_time":8.233001881,"remaining_time":1.295935481},
{"learn":[0.0005908962488],"iteration":864,"passed_time":8.238482574,"remaining_time":1.285774737},
{"learn":[0.0005908962488],"iteration":865,"passed_time":8.245034773,"remaining_time":1.2757906},
{"learn":[0.0005908962488],"iteration":866,"passed_time":8.251074246,"remaining_time":1.265735726},
{"learn":[0.0005908962488],"iteration":867,"passed_time":8.256876038,"remaining_time":1.25565396},
{"learn":[0.0005908962488],"iteration":868,"passed_time":8.26393809,"remaining_time":1.245772025},
{"learn":[0.0005908962488],"iteration":869,"passed_time":8.270604841,"remaining_time":1.235837505},
{"learn":[0.0005908962488],"iteration":870,"passed_time":8.281701928,"remaining_time":1.226566646},
{"learn":[0.0005908962488],"iteration":871,"passed_time":8.289114617,"remaining_time":1.21675077},
{"learn":[0.0005908962488],"iteration":872,"passed_time":8.296837852,"remaining_time":1.206985575},
{"learn":[0.0005908962488],"iteration":873,"passed_time":8.30875865,"remaining_time":1.197830194},
{"learn":[0.0005908962488],"iteration":874,"passed_time":8.314438237,"remaining_time":1.187776891},
{"learn":[0.0005908962488],"iteration":875,"passed_time":8.322131148,"remaining_time":1.178018564},
{"learn":[0.0005908962488],"iteration":876,"passed_time":8.328522696,"remaining_time":1.168082431},
{"learn":[0.0005908962488],"iteration":877,"passed_time":8.335790627,"remaining_time":1.158276146},
{"learn":[0.0005908962488],"iteration":878,"passed_time":8.341655148,"remaining_time":1.148282449},
{"learn":[0.0005908962488],"iteration":879,"passed_time":8.346839329,"remaining_time":1.138205363},
{"learn":[0.0005908962488],"iteration":880,"passed_time":8.35462725,"remaining_time":1.128491081},
{"learn":[0.0005908962488],"iteration":881,"passed_time":8.360174944,"remaining_time":1.118481455},
{"learn":[0.0005908962488],"iteration":882,"passed_time":8.367872839,"remaining_time":1.108766843},
{"learn":[0.0005908962488],"iteration":883,"passed_time":8.373385232,"remaining_time":1.098770008},
{"learn":[0.0005908962488],"iteration":884,"passed_time":8.380067417,"remaining_time":1.088935314},
{"learn":[0.0005908962488],"iteration":885,"passed_time":8.386615523,"remaining_time":1.079090485},
{"learn":[0.0005908962488],"iteration":886,"passed_time":8.393734767,"remaining_time":1.06932585},
{"learn":[0.0005908962488],"iteration":887,"passed_time":8.399763274,"remaining_time":1.059429602},
{"learn":[0.0005908962488],"iteration":888,"passed_time":8.405178422,"remaining_time":1.049465472},
{"learn":[0.0005908962488],"iteration":889,"passed_time":8.412098326,"remaining_time":1.039697546},
{"learn":[0.0005908962488],"iteration":890,"passed_time":8.417634331,"remaining_time":1.029766714},
{"learn":[0.0005908962488],"iteration":891,"passed_time":8.42952187,"remaining_time":1.020614756},
{"learn":[0.0005908962488],"iteration":892,"passed_time":8.443595684,"remaining_time":1.011718632},
{"learn":[0.0005908962488],"iteration":893,"passed_time":8.450238809,"remaining_time":1.001929881},
{"learn":[0.0005908962488],"iteration":894,"passed_time":8.46167763,"remaining_time":0.9927107834},
{"learn":[0.0005908962488],"iteration":895,"passed_time":8.472207181,"remaining_time":0.9833811906},
{"learn":[0.0005908962488],"iteration":896,"passed_time":8.479574448,"remaining_time":0.9736858062},
{"learn":[0.0005908962488],"iteration":897,"passed_time":8.489546065,"remaining_time":0.9642914239},
{"learn":[0.0005908962488],"iteration":898,"passed_time":8.497009383,"remaining_time":0.9546139574},
{"learn":[0.0005908962488],"iteration":899,"passed_time":8.506659087,"remaining_time":0.945184343},
{"learn":[0.0005908962488],"iteration":900,"passed_time":8.51321839,"remaining_time":0.9354146733},
{"learn":[0.0005908962488],"iteration":901,"passed_time":8.52178358,"remaining_time":0.9258700564},
{"learn":[0.0005908962488],"iteration":902,"passed_time":8.528064163,"remaining_time":0.9160821969},
{"learn":[0.0005908962488],"iteration":903,"passed_time":8.536447424,"remaining_time":0.9065253901},
{"learn":[0.0005908962488],"iteration":904,"passed_time":8.541992828,"remaining_time":0.8966732803},
{"learn":[0.0005908962488],"iteration":905,"passed_time":8.549321289,"remaining_time":0.8870156745},
{"learn":[0.0005908962488],"iteration":906,"passed_time":8.554740246,"remaining_time":0.8771674122},
{"learn":[0.0005908962488],"iteration":907,"passed_time":8.566163277,"remaining_time":0.8679372483},
{"learn":[0.0005908962488],"iteration":908,"passed_time":8.572256051,"remaining_time":0.8581686475},
{"learn":[0.0005908962488],"iteration":909,"passed_time":8.57938064,"remaining_time":0.8485101732},
{"learn":[0.0005908962488],"iteration":910,"passed_time":8.586048589,"remaining_time":0.8388126503},
{"learn":[0.0005908962488],"iteration":911,"passed_time":8.594764407,"remaining_time":0.8293193726},
{"learn":[0.0005908962488],"iteration":912,"passed_time":8.600748196,"remaining_time":0.8195674623},
{"learn":[0.0005908962488],"iteration":913,"passed_time":8.607657729,"remaining_time":0.8099109023},
{"learn":[0.0005908962488],"iteration":914,"passed_time":8.615181887,"remaining_time":0.800317443},
{"learn":[0.0005908962488],"iteration":915,"passed_time":8.621480483,"remaining_time":0.7906161142},
{"learn":[0.0005908962488],"iteration":916,"passed_time":8.628890903,"remaining_time":0.7810228408},
{"learn":[0.0005908962488],"iteration":917,"passed_time":8.635086151,"remaining_time":0.7713257782},
{"learn":[0.0005908962488],"iteration":918,"passed_time":8.644263021,"remaining_time":0.7618991346},
{"learn":[0.0005908962488],"iteration":919,"passed_time":8.654282078,"remaining_time":0.7525462676},
{"learn":[0.0005908962488],"iteration":920,"passed_time":8.661583339,"remaining_time":0.7429588315},
{"learn":[0.0005908962488],"iteration":921,"passed_time":8.672221658,"remaining_time":0.7336586652},
{"learn":[0.0005908962488],"iteration":922,"passed_time":8.684693778,"remaining_time":0.7245085817},
{"learn":[0.0005908962488],"iteration":923,"passed_time":8.693523135,"remaining_time":0.7150516864},
{"learn":[0.0005908962488],"iteration":924,"passed_time":8.703568787,"remaining_time":0.7056947665},
{"learn":[0.0005908962488],"iteration":925,"passed_time":8.709950778,"remaining_time":0.6960435827},
{"learn":[0.0005908962488],"iteration":926,"passed_time":8.718340112,"remaining_time":0.6865575277},
{"learn":[0.0005908962488],"iteration":927,"passed_time":8.72435273,"remaining_time":0.676889436},
{"learn":[0.0005908962488],"iteration":928,"passed_time":8.733096669,"remaining_time":0.6674379586},
{"learn":[0.0005908962488],"iteration":929,"passed_time":8.739004581,"remaining_time":0.6577745383},
{"learn":[0.0005908962488],"iteration":930,"passed_time":8.746241454,"remaining_time":0.6482176802},
{"learn":[0.0005908962488],"iteration":931,"passed_time":8.752097863,"remaining_time":0.6385650801},
{"learn":[0.0005908962488],"iteration":932,"passed_time":8.758097454,"remaining_time":0.6289308997},
{"learn":[0.0005908962488],"iteration":933,"passed_time":8.764983235,"remaining_time":0.6193671237},
{"learn":[0.0005908962488],"iteration":934,"passed_time":8.771944011,"remaining_time":0.6098142895},
{"learn":[0.0005908962488],"iteration":935,"passed_time":8.780921252,"remaining_time":0.6004048719},
{"learn":[0.0005908962488],"iteration":936,"passed_time":8.786727576,"remaining_time":0.5907831775},
{"learn":[0.0005908962488],"iteration":937,"passed_time":8.795519936,"remaining_time":0.5813669894},
{"learn":[0.0005908962488],"iteration":938,"passed_time":8.801690296,"remaining_time":0.5717817977},
{"learn":[0.0005908962488],"iteration":939,"passed_time":8.819200039,"remaining_time":0.5629276621},
{"learn":[0.0005908962488],"iteration":940,"passed_time":8.830146747,"remaining_time":0.5536436324},
{"learn":[0.0005908962488],"iteration":941,"passed_time":8.836740628,"remaining_time":0.5440880642},
{"learn":[0.0005908962488],"iteration":942,"passed_time":8.844220621,"remaining_time":0.5345923387},
{"learn":[0.0005908962488],"iteration":943,"passed_time":8.8510667,"remaining_time":0.5250632788},
{"learn":[0.0005908962488],"iteration":944,"passed_time":8.862549887,"remaining_time":0.5158097818},
{"learn":[0.0005908962488],"iteration":945,"passed_time":8.874404491,"remaining_time":0.5065727722},
{"learn":[0.0005908962488],"iteration":946,"passed_time":8.889549829,"remaining_time":0.4975144044},
{"learn":[0.0005908962488],"iteration":947,"passed_time":8.895978839,"remaining_time":0.487965084},
{"learn":[0.0005908962488],"iteration":948,"passed_time":8.905219053,"remaining_time":0.4785734159},
{"learn":[0.0005908962488],"iteration":949,"passed_time":8.912672521,"remaining_time":0.4690880274},
{"learn":[0.0005908962488],"iteration":950,"passed_time":8.922020776,"remaining_time":0.4597045405},
{"learn":[0.0005908962488],"iteration":951,"passed_time":8.928428878,"remaining_time":0.4501728846},
{"learn":[0.0005908962488],"iteration":952,"passed_time":8.9384196,"remaining_time":0.4408244714},
{"learn":[0.0005908962488],"iteration":953,"passed_time":8.94460929,"remaining_time":0.4312914332},
{"learn":[0.0005908962488],"iteration":954,"passed_time":8.954489588,"remaining_time":0.4219393},
{"learn":[0.0005908962488],"iteration":955,"passed_time":8.9604482,"remaining_time":0.4124055657},
{"learn":[0.0005908962488],"iteration":956,"passed_time":8.974393397,"remaining_time":0.4032381568},
{"learn":[0.0005908962488],"iteration":957,"passed_time":8.989356116,"remaining_time":0.3941053829},
{"learn":[0.0005908962488],"iteration":958,"passed_time":8.999415599,"remaining_time":0.3847508233},
{"learn":[0.0005908962488],"iteration":959,"passed_time":9.005861102,"remaining_time":0.3752442126},
{"learn":[0.0005908962488],"iteration":960,"passed_time":9.014409778,"remaining_time":0.365829325},
{"learn":[0.0005908962488],"iteration":961,"passed_time":9.020714544,"remaining_time":0.3563276015},
{"learn":[0.0005908962488],"iteration":962,"passed_time":9.027966566,"remaining_time":0.3468689127},
{"learn":[0.0005908962488],"iteration":963,"passed_time":9.033799807,"remaining_time":0.3373618185},
{"learn":[0.0005908962488],"iteration":964,"passed_time":9.039689744,"remaining_time":0.3278643949},
{"learn":[0.0005908962488],"iteration":965,"passed_time":9.048081459,"remaining_time":0.3184624944},
{"learn":[0.0005908962488],"iteration":966,"passed_time":9.054660957,"remaining_time":0.3090008393},
{"learn":[0.0005908962488],"iteration":967,"passed_time":9.062198161,"remaining_time":0.2995767987},
{"learn":[0.0005908962488],"iteration":968,"passed_time":9.081678109,"remaining_time":0.2905387218},
{"learn":[0.0005908962488],"iteration":969,"passed_time":9.095684802,"remaining_time":0.2813098392},
{"learn":[0.0005908962488],"iteration":970,"passed_time":9.114114118,"remaining_time":0.2722032023},
{"learn":[0.0005908962488],"iteration":971,"passed_time":9.121951363,"remaining_time":0.2627722615},
{"learn":[0.0005908962488],"iteration":972,"passed_time":9.127839333,"remaining_time":0.2532905056},
{"learn":[0.0005908962488],"iteration":973,"passed_time":9.134113141,"remaining_time":0.2438264288},
{"learn":[0.0005908962488],"iteration":974,"passed_time":9.143736197,"remaining_time":0.2344547743},
{"learn":[0.0005908962488],"iteration":975,"passed_time":9.150480074,"remaining_time":0.2250118051},
{"learn":[0.0005908962488],"iteration":976,"passed_time":9.15796455,"remaining_time":0.2155917959},
{"learn":[0.0005908962488],"iteration":977,"passed_time":9.164148722,"remaining_time":0.2061464948},
{"learn":[0.0005908962488],"iteration":978,"passed_time":9.171712381,"remaining_time":0.1967374464},
{"learn":[0.0005908962488],"iteration":979,"passed_time":9.17887409,"remaining_time":0.187323961},
{"learn":[0.0005908962488],"iteration":980,"passed_time":9.190462081,"remaining_time":0.1780007946},
{"learn":[0.0005908962488],"iteration":981,"passed_time":9.19821325,"remaining_time":0.1686026869},
{"learn":[0.0005908962488],"iteration":982,"passed_time":9.204976232,"remaining_time":0.1591908402},
{"learn":[0.0005908962488],"iteration":983,"passed_time":9.212275816,"remaining_time":0.1497931027},
{"learn":[0.0005908962488],"iteration":984,"passed_time":9.219019409,"remaining_time":0.1403911585},
{"learn":[0.0005908962488],"iteration":985,"passed_time":9.237412973,"remaining_time":0.1311600219},
{"learn":[0.0005908962488],"iteration":986,"passed_time":9.250502486,"remaining_time":0.1218404583},
{"learn":[0.0005908962488],"iteration":987,"passed_time":9.263083544,"remaining_time":0.1125070876},
{"learn":[0.0005908962488],"iteration":988,"passed_time":9.280959083,"remaining_time":0.1032260363},
{"learn":[0.0005908962488],"iteration":989,"passed_time":9.290399872,"remaining_time":0.09384242295},
{"learn":[0.0005908962488],"iteration":990,"passed_time":9.296348521,"remaining_time":0.0844269795},
{"learn":[0.0005908962488],"iteration":991,"passed_time":9.302005535,"remaining_time":0.07501617367},
{"learn":[0.0005908962488],"iteration":992,"passed_time":9.308895024,"remaining_time":0.06562161648},
{"learn":[0.0005908962488],"iteration":993,"passed_time":9.314692533,"remaining_time":0.05622550825},
{"learn":[0.0005908962488],"iteration":994,"passed_time":9.323397537,"remaining_time":0.04685124391},
{"learn":[0.0005908962488],"iteration":995,"passed_time":9.329407136,"remaining_time":0.03746749854},
{"learn":[0.0005908962488],"iteration":996,"passed_time":9.338246042,"remaining_time":0.02809903523},
{"learn":[0.0005908962488],"iteration":997,"passed_time":9.343950907,"remaining_time":0.01872535252},
{"learn":[0.0005908962488],"iteration":998,"passed_time":9.352844231,"remaining_time":0.009362206437},
{"learn":[0.0005908962488],"iteration":999,"passed_time":9.358864739,"remaining_time":0}
]}